transaction_id,transaction_date,customer_id,product_id,quantity,unit_price,branch_region
TX-000001,2026-02-21,CUST-0114,PROD-019,5,225.77,Norte
TX-000002,2026-01-15,CUST-0066,PROD-015,5,146.55,Sur
TX-000003,2026-03-13,CUST-0105,PROD-018,10,260.08,Oeste
TX-000004,2026-03-02,CUST-0085,PROD-002,5,364.66,Sur
TX-000005,2026-01-21,CUST-0002,PROD-022,6,74.66,Sur
TX-000006,2026-03-24,CUST-0075,PROD-017,8,267.6,Este
TX-000007,2026-03-28,CUST-0067,PROD-018,2,234.9,Sur
TX-000008,2026-03-16,CUST-0055,PROD-006,6,77.67,Oeste
TX-000009,2026-03-16,CUST-0006,PROD-019,1,286.44,Oeste
TX-000010,2026-03-29,CUST-0143,PROD-004,4,134.03,Norte
TX-000011,2026-01-24,CUST-0086,PROD-001,10,227.21,Oeste
TX-000012,2026-01-03,CUST-0060,PROD-008,3,50.79,Sur
TX-000013,2026-01-22,CUST-0101,PROD-023,9,214.92,
TX-000014,2026-02-22,CUST-0012,PROD-007,3,148.31,Sur
TX-000015,2026-01-02,CUST-0049,PROD-003,6,372.74,
TX-000016,2026-03-29,CUST-0042,PROD-010,1,39.79,Este
TX-000017,2026-01-30,CUST-0082,PROD-010,6,197.09,Norte
TX-000018,2026-02-07,CUST-0035,PROD-019,4,214.42,Este
TX-000019,2026-01-02,CUST-0134,PROD-014,8,330.38,
TX-000020,2026-03-05,CUST-0067,PROD-002,11,264.82,Oeste
TX-000021,2026-03-01,CUST-0080,PROD-001,9,305.24,Norte
TX-000022,2026-01-21,CUST-0007,PROD-023,4,353.02,Este
TX-000023,2026-02-02,CUST-0014,PROD-023,10,390.06,Sur
TX-000024,2026-03-17,CUST-0073,PROD-018,10,151.54,Norte
TX-000025,2026-02-27,CUST-0143,PROD-007,6,249.04,Sur
TX-000026,2026-01-22,CUST-0149,PROD-008,1,380.45,Norte
TX-000027,2026-03-30,CUST-0066,PROD-001,4,445.41,Oeste
TX-000028,2026-02-18,CUST-0091,PROD-023,7,401.94,Sur
TX-000029,2026-02-28,CUST-0130,PROD-003,1,176.59,Oeste
TX-000030,2026-02-11,CUST-0020,PROD-024,8,99.9,Norte
TX-000031,2026-03-01,CUST-0010,PROD-023,10,227.89,Sur
TX-000032,2026-03-21,CUST-0025,PROD-008,11,337.61,Norte
TX-000033,2026-01-15,CUST-0025,PROD-022,6,229.27,Norte
TX-000034,2026-03-03,CUST-0054,PROD-015,5,225.18,Norte
TX-000035,2026-03-03,CUST-0033,PROD-005,10,379.63,Norte
TX-000036,2026-02-16,CUST-0095,PROD-003,11,172.21,Este
TX-000037,2026-03-03,CUST-0014,PROD-019,9,389.01,Sur
TX-000038,2026-02-20,CUST-0065,PROD-001,2,191.96,Sur
TX-000039,2026-02-24,CUST-0110,PROD-015,5,157.78,Sur
TX-000040,2026-03-05,CUST-0080,PROD-008,6,212.49,Oeste
TX-000041,2026-01-03,CUST-0054,PROD-002,7,346.66,Oeste
TX-000042,2026-02-20,CUST-0125,PROD-003,5,69.81,Sur
TX-000043,2026-01-07,CUST-0131,PROD-024,9,100.44,Sur
TX-000044,2026-01-21,CUST-0134,PROD-014,1,428.88,Norte
TX-000045,2026-03-14,CUST-0025,PROD-024,7,91.34,
TX-000046,2026-02-08,CUST-0141,PROD-014,10,261.96,Norte
TX-000047,2026-01-18,CUST-0117,PROD-011,7,267.0,Sur
TX-000048,2026-01-04,CUST-0136,PROD-016,4,227.99,Sur
TX-000049,2026-03-30,CUST-0149,PROD-004,9,295.46,Sur
TX-000050,2026-03-01,CUST-0025,PROD-020,11,114.97,Norte
TX-000051,2026-01-14,CUST-0079,PROD-005,5,255.41,Oeste
TX-000052,2026-01-09,CUST-0068,PROD-022,4,176.9,Norte
TX-000053,2026-03-31,CUST-0012,PROD-021,7,302.83,Este
TX-000054,2026-02-22,CUST-0032,PROD-014,4,76.43,Norte
TX-000055,2026-01-02,CUST-0128,PROD-023,3,263.33,Norte
TX-000056,2026-03-25,CUST-0096,PROD-016,9,95.59,Oeste
TX-000057,2026-03-01,CUST-0092,PROD-018,11,136.21,Norte
TX-000058,2026-03-12,CUST-0141,PROD-007,8,110.14,Oeste
TX-000059,2026-02-13,CUST-0031,PROD-010,1,94.53,Este
TX-000060,2026-01-08,CUST-0078,PROD-007,7,374.18,Norte
TX-000061,2026-02-16,CUST-0020,PROD-001,9,139.28,
TX-000062,2026-02-04,CUST-0146,PROD-023,8,418.3,Norte
TX-000063,2026-03-19,CUST-0060,PROD-021,8,436.92,Oeste
TX-000064,2026-03-22,CUST-0134,PROD-019,6,263.5,Norte
TX-000065,2026-02-05,CUST-0093,PROD-016,11,77.21,Oeste
TX-000066,2026-02-19,CUST-0043,PROD-019,4,177.93,Norte
TX-000067,2026-01-04,CUST-0130,PROD-004,8,362.01,Sur
TX-000068,2026-01-02,CUST-0060,PROD-018,3,174.81,Este
TX-000069,2026-01-06,CUST-0031,PROD-002,9,52.85,Oeste
TX-000070,2026-02-23,CUST-0005,PROD-001,2,257.2,Oeste
TX-000071,2026-01-04,CUST-0010,PROD-015,2,382.63,Oeste
TX-000072,2026-02-23,CUST-0089,PROD-005,7,361.23,Oeste
TX-000073,2026-03-04,CUST-0130,PROD-020,10,91.18,Norte
TX-000074,2026-01-18,CUST-0126,PROD-011,4,307.65,Sur
TX-000075,2026-03-31,CUST-0011,PROD-010,10,110.92,Sur
TX-000076,2026-02-13,CUST-0056,PROD-002,8,109.92,Sur
TX-000077,2026-02-03,CUST-0083,PROD-003,9,395.22,Sur
TX-000078,2026-03-15,CUST-0137,PROD-023,7,123.61,Este
TX-000079,2026-03-03,CUST-0099,PROD-023,5,129.51,Norte
TX-000080,2026-01-14,CUST-0149,PROD-012,8,15.28,Este
TX-000081,2026-02-17,CUST-0073,PROD-020,4,393.74,Norte
TX-000082,2026-01-15,CUST-0115,PROD-005,2,359.78,Sur
TX-000083,2026-03-13,CUST-0007,PROD-005,11,287.89,Sur
TX-000084,2026-03-19,CUST-0080,PROD-006,6,341.37,Oeste
TX-000085,2026-03-28,CUST-0144,PROD-009,9,81.14,Este
TX-000086,2026-03-03,CUST-0097,PROD-002,1,214.37,Este
TX-000087,2026-02-09,CUST-0004,PROD-021,11,167.78,Norte
TX-000088,2026-03-26,CUST-0004,PROD-012,10,55.79,Este
TX-000089,2026-03-21,CUST-0103,PROD-003,7,226.47,Norte
TX-000090,2026-03-23,CUST-0040,PROD-020,10,415.52,Sur
TX-000091,2026-02-22,CUST-0017,PROD-022,9,32.43,Sur
TX-000092,2026-01-24,CUST-0101,PROD-012,10,141.79,Norte
TX-000093,2026-01-26,CUST-0103,PROD-024,9,105.28,Sur
TX-000094,2026-03-30,CUST-0124,PROD-017,10,118.59,
TX-000095,2026-03-01,CUST-0052,PROD-010,11,410.17,
TX-000096,2026-02-10,CUST-0052,PROD-024,3,218.61,Sur
TX-000097,2026-01-29,CUST-0124,PROD-014,11,217.84,Norte
TX-000098,2026-01-15,CUST-0063,PROD-023,5,345.85,Norte
TX-000099,2026-02-14,CUST-0116,PROD-017,8,82.2,Sur
TX-000100,2026-03-06,CUST-0062,PROD-018,8,226.96,Oeste
TX-000101,2026-03-30,CUST-0007,PROD-019,4,202.04,Norte
TX-000102,2026-03-12,CUST-0092,PROD-017,11,274.66,Este
TX-000103,2026-01-09,CUST-0014,PROD-014,11,449.81,Norte
TX-000104,2026-03-29,CUST-0086,PROD-009,1,349.71,
TX-000105,2026-01-01,CUST-0133,PROD-008,1,188.07,Sur
TX-000106,2026-01-08,CUST-0130,PROD-002,4,374.99,Oeste
TX-000107,2026-03-29,CUST-0062,PROD-013,6,89.26,Sur
TX-000108,2026-03-04,CUST-0149,PROD-007,8,28.25,Este
TX-000109,2026-01-11,CUST-0079,PROD-009,6,103.94,Norte
TX-000110,2026-03-22,CUST-0149,PROD-022,9,163.08,Norte
TX-000111,2026-01-08,CUST-0138,PROD-022,9,237.1,Oeste
TX-000112,2026-02-04,CUST-0058,PROD-011,2,282.58,Oeste
TX-000113,2026-02-04,CUST-0120,PROD-014,10,411.11,Oeste
TX-000114,2026-02-02,CUST-0133,PROD-004,1,236.79,Este
TX-000115,2026-01-05,CUST-0065,PROD-013,2,233.05,Oeste
TX-000116,2026-02-10,CUST-0013,PROD-002,5,36.86,Norte
TX-000117,2026-01-28,CUST-0082,PROD-023,4,30.19,Sur
TX-000118,2026-01-07,CUST-0139,PROD-005,4,254.75,Sur
TX-000119,2026-03-14,CUST-0149,PROD-011,9,205.61,Este
TX-000120,2026-03-13,CUST-0052,PROD-006,11,380.04,Sur
TX-000121,2026-01-12,CUST-0117,PROD-018,8,84.9,Norte
TX-000122,2026-02-03,CUST-0026,PROD-021,6,25.86,Este
TX-000123,2026-02-02,CUST-0034,PROD-010,1,210.33,Oeste
TX-000124,2026-02-17,CUST-0052,PROD-004,2,118.3,Sur
TX-000125,2026-01-23,CUST-0112,PROD-009,6,36.58,Norte
TX-000126,2026-03-03,CUST-0082,PROD-006,11,330.2,Norte
TX-000127,2026-03-29,CUST-0042,PROD-002,2,63.54,Norte
TX-000128,2026-02-06,CUST-0021,PROD-017,10,279.62,Sur
TX-000129,2026-02-13,CUST-0042,PROD-005,5,137.26,Este
TX-000130,2026-03-27,CUST-0141,PROD-006,5,90.47,Este
TX-000131,2026-02-04,CUST-0113,PROD-012,6,180.19,Este
TX-000132,2026-03-06,CUST-0105,PROD-023,6,363.63,Sur
TX-000133,2026-02-16,CUST-0017,PROD-021,6,185.56,Oeste
TX-000134,2026-03-19,CUST-0120,PROD-010,2,341.58,Norte
TX-000135,2026-01-03,CUST-0137,PROD-022,10,69.59,Sur
TX-000136,2026-01-01,CUST-0129,PROD-021,3,351.16,Oeste
TX-000137,2026-01-05,CUST-0130,PROD-006,6,118.07,Norte
TX-000138,2026-03-31,CUST-0060,PROD-008,8,309.67,Norte
TX-000139,2026-01-14,CUST-0048,PROD-002,11,261.11,Oeste
TX-000140,2026-01-27,CUST-0029,PROD-012,1,419.18,Sur
TX-000141,2026-01-09,CUST-0097,PROD-013,1,183.49,Este
TX-000142,2026-03-20,CUST-0010,PROD-021,11,43.78,Norte
TX-000143,2026-01-15,CUST-0058,PROD-007,2,23.33,Este
TX-000144,2026-03-31,CUST-0021,PROD-010,11,374.68,Sur
TX-000145,2026-02-11,CUST-0028,PROD-013,6,243.26,Norte
TX-000146,2026-03-18,CUST-0034,PROD-017,9,352.23,Este
TX-000147,2026-02-20,CUST-0008,PROD-021,4,116.98,Norte
TX-000148,2026-03-04,CUST-0079,PROD-014,3,165.11,Sur
TX-000149,2026-02-21,CUST-0145,PROD-002,8,28.1,Norte
TX-000150,2026-01-04,CUST-0087,PROD-022,11,433.25,Norte
TX-000151,2026-01-23,CUST-0088,PROD-011,10,305.52,Sur
TX-000152,2026-01-15,CUST-0069,PROD-001,9,420.94,Norte
TX-000153,2026-02-12,CUST-0087,PROD-019,11,130.49,Oeste
TX-000154,2026-01-29,CUST-0101,PROD-021,5,280.99,Norte
TX-000155,2026-02-05,CUST-0008,PROD-004,9,310.15,Sur
TX-000156,2026-01-13,CUST-0077,PROD-019,2,153.13,Norte
TX-000157,2026-02-01,CUST-0087,PROD-021,3,383.93,Sur
TX-000158,2026-03-12,CUST-0043,PROD-011,7,427.02,Oeste
TX-000159,2026-02-28,CUST-0129,PROD-008,7,399.91,Norte
TX-000160,2026-03-27,CUST-0109,PROD-011,6,336.49,
TX-000161,2026-01-28,CUST-0017,PROD-004,6,135.7,Norte
TX-000162,2026-03-07,CUST-0133,PROD-017,2,137.5,Este
TX-000163,2026-02-11,CUST-0148,PROD-007,10,434.06,Este
TX-000164,2026-02-14,CUST-0021,PROD-008,6,19.47,Oeste
TX-000165,2026-03-03,CUST-0058,PROD-003,4,326.48,Este
TX-000166,2026-02-26,CUST-0110,PROD-022,3,322.22,Este
TX-000167,2026-01-06,CUST-0139,PROD-002,11,285.87,Norte
TX-000168,2026-01-28,CUST-0143,PROD-023,2,445.7,Norte
TX-000169,2026-01-28,CUST-0135,PROD-015,1,150.67,Oeste
TX-000170,2026-02-13,CUST-0028,PROD-024,11,162.89,Sur
TX-000171,2026-03-25,CUST-0051,PROD-022,11,49.34,Sur
TX-000172,2026-01-30,CUST-0005,PROD-022,5,207.62,Este
TX-000173,2026-03-03,CUST-0005,PROD-005,2,128.56,Sur
TX-000174,2026-03-16,CUST-0094,PROD-024,2,164.37,
TX-000175,2026-03-30,CUST-0096,PROD-001,7,378.04,Este
TX-000176,2026-03-03,CUST-0008,PROD-004,8,421.94,Este
TX-000177,2026-01-01,CUST-0064,PROD-015,10,95.79,Oeste
TX-000178,2026-01-27,CUST-0138,PROD-020,8,177.04,Norte
TX-000179,2026-03-03,CUST-0038,PROD-019,4,418.95,Norte
TX-000180,2026-03-18,CUST-0111,PROD-003,1,41.89,Sur
TX-000181,2026-01-03,CUST-0112,PROD-020,11,55.18,Norte
TX-000182,2026-03-11,CUST-0081,PROD-011,7,85.81,Este
TX-000183,2026-03-13,CUST-0136,PROD-017,1,273.92,Oeste
TX-000184,2026-01-27,CUST-0104,PROD-013,11,80.46,Sur
TX-000185,2026-01-09,CUST-0073,PROD-011,4,436.11,Sur
TX-000186,2026-03-03,CUST-0049,PROD-002,8,209.32,
TX-000187,2026-02-06,CUST-0036,PROD-009,2,233.16,Sur
TX-000188,2026-02-20,CUST-0126,PROD-002,6,122.3,Sur
TX-000189,2026-02-13,CUST-0068,PROD-021,6,219.87,Sur
TX-000190,2026-01-24,CUST-0078,PROD-009,9,302.93,Oeste
TX-000191,2026-03-20,CUST-0105,PROD-009,5,341.76,Este
TX-000192,2026-02-28,CUST-0122,PROD-008,10,342.93,Este
TX-000193,2026-02-01,CUST-0119,PROD-017,4,266.38,Oeste
TX-000194,2026-03-29,CUST-0114,PROD-001,5,408.4,Sur
TX-000195,2026-02-21,CUST-0010,PROD-011,10,370.57,Sur
TX-000196,2026-03-03,CUST-0149,PROD-008,11,344.32,Oeste
TX-000197,2026-02-27,CUST-0140,PROD-010,5,39.19,Sur
TX-000198,2026-02-21,CUST-0091,PROD-007,8,17.99,Oeste
TX-000199,2026-01-12,CUST-0002,PROD-003,10,107.41,Oeste
TX-000200,2026-02-08,CUST-0118,PROD-003,8,303.63,Este
TX-000201,2026-01-02,CUST-0013,PROD-018,2,193.87,Este
TX-000202,2026-01-03,CUST-0095,PROD-005,7,190.05,Oeste
TX-000203,2026-02-25,CUST-0144,PROD-012,8,399.8,Oeste
TX-000204,2026-03-22,CUST-0032,PROD-012,11,404.57,Sur
TX-000205,2026-02-28,CUST-0032,PROD-019,6,410.49,Norte
TX-000206,2026-01-02,CUST-0124,PROD-006,5,151.54,Sur
TX-000207,2026-01-02,CUST-0011,PROD-002,11,315.61,Este
TX-000208,2026-02-23,CUST-0010,PROD-012,9,133.16,Sur
TX-000209,2026-03-28,CUST-0015,PROD-019,3,97.92,Este
TX-000210,2026-01-01,CUST-0017,PROD-005,10,95.32,Sur
TX-000211,2026-01-19,CUST-0146,PROD-012,4,163.82,Este
TX-000212,2026-01-02,CUST-0059,PROD-017,9,202.03,Norte
TX-000213,2026-02-22,CUST-0078,PROD-017,6,376.46,Este
TX-000214,2026-02-13,CUST-0124,PROD-010,8,67.15,Este
TX-000215,2026-03-31,CUST-0114,PROD-023,7,334.69,Norte
TX-000216,2026-02-01,CUST-0022,PROD-017,11,246.18,Sur
TX-000217,2026-03-11,CUST-0032,PROD-015,2,140.26,Este
TX-000218,2026-02-01,CUST-0113,PROD-012,3,229.38,Sur
TX-000219,2026-03-09,CUST-0120,PROD-016,1,145.47,Norte
TX-000220,2026-02-24,CUST-0149,PROD-024,9,274.3,
TX-000221,2026-03-16,CUST-0122,PROD-019,7,203.72,Este
TX-000222,2026-02-25,CUST-0032,PROD-008,1,86.52,
TX-000223,2026-01-17,CUST-0119,PROD-021,3,65.71,Sur
TX-000224,2026-02-07,CUST-0039,PROD-017,4,252.81,Sur
TX-000225,2026-01-24,CUST-0012,PROD-023,4,407.55,Oeste
TX-000226,2026-03-10,CUST-0018,PROD-005,5,164.62,Este
TX-000227,2026-03-11,CUST-0149,PROD-022,3,333.86,Este
TX-000228,2026-03-27,CUST-0141,PROD-016,3,301.52,Norte
TX-000229,2026-01-11,CUST-0149,PROD-006,1,420.23,Sur
TX-000230,2026-01-16,CUST-0126,PROD-008,7,372.13,Norte
TX-000231,2026-03-14,CUST-0136,PROD-018,11,261.47,Norte
TX-000232,2026-02-28,CUST-0046,PROD-012,10,300.81,Norte
TX-000233,2026-03-11,CUST-0104,PROD-015,1,405.8,Norte
TX-000234,2026-03-21,CUST-0135,PROD-009,2,188.79,
TX-000235,2026-01-03,CUST-0086,PROD-013,4,157.16,Norte
TX-000236,2026-01-20,CUST-0089,PROD-015,4,19.7,Este
TX-000237,2026-02-28,CUST-0022,PROD-010,5,374.55,Oeste
TX-000238,2026-02-05,CUST-0092,PROD-016,11,363.43,Este
TX-000239,2026-01-19,CUST-0029,PROD-007,2,60.44,Norte
TX-000240,2026-03-31,CUST-0013,PROD-017,4,265.93,Este
TX-000241,2026-03-08,CUST-0002,PROD-023,1,216.83,Este
TX-000242,2026-01-19,CUST-0029,PROD-021,2,66.64,Este
TX-000243,2026-01-20,CUST-0027,PROD-022,1,441.55,Este
TX-000244,2026-03-12,CUST-0050,PROD-007,10,108.39,
TX-000245,2026-02-21,CUST-0095,PROD-014,10,44.25,Este
TX-000246,2026-02-02,CUST-0088,PROD-015,4,273.76,Sur
TX-000247,2026-02-09,CUST-0044,PROD-021,4,336.41,Este
TX-000248,2026-02-08,CUST-0022,PROD-007,7,29.11,Norte
TX-000249,2026-03-23,CUST-0097,PROD-009,10,301.54,Oeste
TX-000250,2026-01-01,CUST-0003,PROD-019,11,246.55,Norte
TX-000251,2026-01-11,CUST-0118,PROD-016,11,59.92,Sur
TX-000252,2026-02-26,CUST-0019,PROD-008,9,90.05,Oeste
TX-000253,2026-03-30,CUST-0023,PROD-018,9,262.07,Este
TX-000254,2026-02-19,CUST-0030,PROD-023,5,143.92,Sur
TX-000255,2026-01-23,CUST-0039,PROD-018,10,423.17,Sur
TX-000256,2026-01-31,CUST-0108,PROD-020,1,371.15,Oeste
TX-000257,2026-02-11,CUST-0111,PROD-007,1,442.85,Sur
TX-000258,2026-01-07,CUST-0025,PROD-003,6,127.96,Oeste
TX-000259,2026-01-16,CUST-0128,PROD-018,2,436.83,Norte
TX-000260,2026-03-31,CUST-0111,PROD-010,8,202.59,Oeste
TX-000261,2026-03-01,CUST-0136,PROD-007,9,166.17,Oeste
TX-000262,2026-01-02,CUST-0106,PROD-017,4,36.9,Norte
TX-000263,2026-01-01,CUST-0144,PROD-014,5,37.95,Sur
TX-000264,2026-02-17,CUST-0072,PROD-024,11,316.02,Norte
TX-000265,2026-01-12,CUST-0129,PROD-003,8,214.2,Este
TX-000266,2026-03-10,CUST-0108,PROD-012,3,113.54,Este
TX-000267,2026-02-06,CUST-0005,PROD-013,5,282.08,Este
TX-000268,2026-02-01,CUST-0003,PROD-002,3,124.99,Norte
TX-000269,2026-01-09,CUST-0132,PROD-003,10,266.27,Norte
TX-000270,2026-01-19,CUST-0104,PROD-005,3,171.26,Norte
TX-000271,2026-02-17,CUST-0064,PROD-011,3,373.25,Sur
TX-000272,2026-03-21,CUST-0106,PROD-008,7,372.0,Este
TX-000273,2026-01-03,CUST-0098,PROD-023,7,222.65,Oeste
TX-000274,2026-01-20,CUST-0010,PROD-023,7,167.61,Este
TX-000275,2026-01-24,CUST-0149,PROD-012,10,172.71,Sur
TX-000276,2026-02-23,CUST-0128,PROD-007,8,365.49,
TX-000277,2026-02-02,CUST-0046,PROD-015,5,157.76,Este
TX-000278,2026-01-24,CUST-0066,PROD-024,5,105.94,Oeste
TX-000279,2026-03-16,CUST-0112,PROD-017,4,51.84,Este
TX-000280,2026-03-13,CUST-0013,PROD-004,7,218.01,Norte
TX-000281,2026-02-05,CUST-0137,PROD-022,10,224.73,Norte
TX-000282,2026-02-07,CUST-0086,PROD-013,4,380.8,Este
TX-000283,2026-03-25,CUST-0090,PROD-018,2,111.24,Norte
TX-000284,2026-03-30,CUST-0058,PROD-001,4,180.73,Sur
TX-000285,2026-01-25,CUST-0054,PROD-016,8,366.66,Este
TX-000286,2026-01-18,CUST-0012,PROD-013,9,373.28,Este
TX-000287,2026-03-23,CUST-0014,PROD-010,3,182.31,Este
TX-000288,2026-03-07,CUST-0121,PROD-012,7,214.72,Norte
TX-000289,2026-02-23,CUST-0121,PROD-002,9,146.93,Sur
TX-000290,2026-02-04,CUST-0020,PROD-023,11,420.66,Este
TX-000291,2026-03-21,CUST-0075,PROD-003,4,66.61,
TX-000292,2026-03-02,CUST-0144,PROD-010,10,421.18,Este
TX-000293,2026-02-10,CUST-0070,PROD-002,3,312.48,Oeste
TX-000294,2026-02-02,CUST-0056,PROD-023,5,246.23,Este
TX-000295,2026-03-09,CUST-0101,PROD-013,1,29.21,Este
TX-000296,2026-02-02,CUST-0132,PROD-013,3,221.88,Norte
TX-000297,2026-01-14,CUST-0111,PROD-018,8,192.37,Este
TX-000298,2026-01-21,CUST-0125,PROD-003,11,85.13,Este
TX-000299,2026-02-17,CUST-0132,PROD-007,8,300.54,Este
TX-000300,2026-01-20,CUST-0020,PROD-014,4,437.45,Sur
TX-000301,2026-01-08,CUST-0138,PROD-020,2,259.55,Este
TX-000302,2026-01-07,CUST-0024,PROD-017,8,325.92,Sur
TX-000303,2026-03-08,CUST-0037,PROD-021,8,44.78,Sur
TX-000304,2026-01-17,CUST-0054,PROD-012,10,196.69,Norte
TX-000305,2026-02-02,CUST-0103,PROD-016,4,65.62,Oeste
TX-000306,2026-02-17,CUST-0149,PROD-024,3,281.57,Norte
TX-000307,2026-03-17,CUST-0038,PROD-012,2,423.24,Norte
TX-000308,2026-02-28,CUST-0004,PROD-015,9,302.87,Sur
TX-000309,2026-03-27,CUST-0057,PROD-010,1,48.41,Este
TX-000310,2026-01-22,CUST-0020,PROD-007,7,169.28,Sur
TX-000311,2026-01-30,CUST-0017,PROD-020,5,254.54,Sur
TX-000312,2026-02-07,CUST-0119,PROD-005,8,190.4,Este
TX-000313,2026-02-20,CUST-0071,PROD-001,4,377.64,Sur
TX-000314,2026-02-23,CUST-0004,PROD-017,7,369.38,Oeste
TX-000315,2026-01-08,CUST-0014,PROD-003,5,281.15,Oeste
TX-000316,2026-01-27,CUST-0003,PROD-013,5,177.45,Sur
TX-000317,2026-01-27,CUST-0080,PROD-014,9,126.07,Sur
TX-000318,2026-01-21,CUST-0055,PROD-024,9,61.06,Este
TX-000319,2026-01-30,CUST-0132,PROD-018,9,169.38,Norte
TX-000320,2026-01-28,CUST-0120,PROD-004,6,194.73,Sur
TX-000321,2026-03-05,CUST-0024,PROD-018,6,308.98,Sur
TX-000322,2026-03-10,CUST-0082,PROD-005,5,301.3,Oeste
TX-000323,2026-03-02,CUST-0147,PROD-016,9,45.5,Norte
TX-000324,2026-02-17,CUST-0060,PROD-001,10,186.94,Este
TX-000325,2026-01-19,CUST-0147,PROD-021,8,94.07,Este
TX-000326,2026-01-04,CUST-0049,PROD-014,7,83.21,Sur
TX-000327,2026-02-04,CUST-0063,PROD-015,7,374.88,Norte
TX-000328,2026-03-05,CUST-0110,PROD-009,6,33.23,
TX-000329,2026-02-18,CUST-0109,PROD-015,5,197.34,Sur
TX-000330,2026-01-17,CUST-0076,PROD-017,4,88.17,Este
TX-000331,2026-02-13,CUST-0030,PROD-024,3,397.51,Norte
TX-000332,2026-01-30,CUST-0058,PROD-004,3,257.31,Sur
TX-000333,2026-02-15,CUST-0117,PROD-012,6,115.65,Sur
TX-000334,2026-01-06,CUST-0100,PROD-005,4,233.56,Norte
TX-000335,2026-02-06,CUST-0019,PROD-005,6,333.2,Norte
TX-000336,2026-01-24,CUST-0094,PROD-011,3,431.78,Oeste
TX-000337,2026-02-15,CUST-0113,PROD-006,4,110.89,Norte
TX-000338,2026-02-22,CUST-0146,PROD-007,9,400.49,Norte
TX-000339,2026-03-01,CUST-0063,PROD-024,5,421.42,Sur
TX-000340,2026-03-04,CUST-0116,PROD-014,7,413.64,Este
TX-000341,2026-03-26,CUST-0113,PROD-024,10,291.41,Norte
TX-000342,2026-02-01,CUST-0047,PROD-011,2,288.97,Este
TX-000343,2026-03-28,CUST-0057,PROD-013,5,190.4,Norte
TX-000344,2026-02-02,CUST-0118,PROD-002,9,342.29,Norte
TX-000345,2026-03-08,CUST-0045,PROD-007,11,246.11,Norte
TX-000346,2026-01-18,CUST-0145,PROD-020,3,309.69,Oeste
TX-000347,2026-01-25,CUST-0004,PROD-004,9,201.38,Norte
TX-000348,2026-02-23,CUST-0148,PROD-008,11,333.2,Norte
TX-000349,2026-02-27,CUST-0047,PROD-020,6,373.65,Sur
TX-000350,2026-03-08,CUST-0143,PROD-022,4,78.7,Oeste
TX-000351,2026-02-15,CUST-0047,PROD-021,7,377.32,Norte
TX-000352,2026-01-24,CUST-0078,PROD-019,8,250.03,Sur
TX-000353,2026-02-01,CUST-0124,PROD-013,6,382.43,Norte
TX-000354,2026-02-16,CUST-0075,PROD-014,5,202.62,Sur
TX-000355,2026-03-27,CUST-0103,PROD-010,6,179.88,Este
TX-000356,2026-01-23,CUST-0137,PROD-011,5,413.05,Este
TX-000357,2026-03-07,CUST-0090,PROD-002,8,124.26,Sur
TX-000358,2026-01-27,CUST-0144,PROD-009,1,382.23,Sur
TX-000359,2026-01-02,CUST-0069,PROD-017,11,225.55,Norte
TX-000360,2026-03-31,CUST-0061,PROD-003,7,238.63,Sur
TX-000361,2026-01-17,CUST-0138,PROD-024,10,149.18,Norte
TX-000362,2026-02-02,CUST-0050,PROD-006,10,264.27,Este
TX-000363,2026-01-09,CUST-0003,PROD-005,11,156.47,
TX-000364,2026-02-12,CUST-0107,PROD-005,2,32.08,
TX-000365,2026-02-17,CUST-0113,PROD-022,9,133.32,Oeste
TX-000366,2026-02-08,CUST-0094,PROD-015,1,17.77,Este
TX-000367,2026-02-11,CUST-0118,PROD-023,11,440.58,Este
TX-000368,2026-01-26,CUST-0081,PROD-017,10,435.1,Sur
TX-000369,2026-02-19,CUST-0109,PROD-009,6,186.89,Este
TX-000370,2026-01-25,CUST-0051,PROD-003,9,331.84,Sur
TX-000371,2026-01-24,CUST-0147,PROD-020,1,165.43,Sur
TX-000372,2026-01-13,CUST-0035,PROD-017,4,306.93,Este
TX-000373,2026-03-01,CUST-0046,PROD-010,4,365.36,Sur
TX-000374,2026-01-07,CUST-0069,PROD-003,9,426.84,Sur
TX-000375,2026-02-26,CUST-0093,PROD-018,11,189.09,Oeste
TX-000376,2026-02-05,CUST-0064,PROD-018,5,355.73,Norte
TX-000377,2026-02-14,CUST-0049,PROD-017,5,130.68,Sur
TX-000378,2026-01-20,CUST-0149,PROD-024,6,445.79,Oeste
TX-000379,2026-03-06,CUST-0074,PROD-003,1,26.21,Este
TX-000380,2026-01-08,CUST-0005,PROD-003,1,277.54,Este
TX-000381,2026-01-16,CUST-0100,PROD-006,9,301.89,Norte
TX-000382,2026-01-14,CUST-0070,PROD-013,3,314.3,Sur
TX-000383,2026-03-17,CUST-0090,PROD-024,4,67.37,Oeste
TX-000384,2026-03-28,CUST-0004,PROD-015,1,423.26,Este
TX-000385,2026-01-15,CUST-0126,PROD-009,9,93.81,Sur
TX-000386,2026-03-07,CUST-0039,PROD-004,8,285.9,Norte
TX-000387,2026-02-01,CUST-0129,PROD-014,2,111.86,Norte
TX-000388,2026-03-28,CUST-0024,PROD-005,8,148.64,
TX-000389,2026-03-04,CUST-0057,PROD-002,7,252.71,Sur
TX-000390,2026-03-27,CUST-0100,PROD-011,11,196.48,Este
TX-000391,2026-02-20,CUST-0070,PROD-009,6,84.7,Norte
TX-000392,2026-01-25,CUST-0041,PROD-024,1,89.36,Este
TX-000393,2026-02-27,CUST-0060,PROD-003,7,196.89,Oeste
TX-000394,2026-03-04,CUST-0108,PROD-009,10,344.42,Este
TX-000395,2026-03-03,CUST-0057,PROD-003,7,405.61,Norte
TX-000396,2026-01-22,CUST-0031,PROD-002,9,51.6,Este
TX-000397,2026-02-27,CUST-0084,PROD-012,1,186.0,Este
TX-000398,2026-02-27,CUST-0036,PROD-010,2,58.61,Sur
TX-000399,2026-03-27,CUST-0108,PROD-009,11,22.22,Oeste
TX-000400,2026-02-18,CUST-0106,PROD-015,9,302.85,Este
TX-000401,2026-02-21,CUST-0086,PROD-008,9,277.07,Oeste
TX-000402,2026-02-11,CUST-0135,PROD-005,6,85.91,Este
TX-000403,2026-03-11,CUST-0014,PROD-011,6,116.71,Norte
TX-000404,2026-01-15,CUST-0120,PROD-002,4,25.31,Sur
TX-000405,2026-02-23,CUST-0138,PROD-024,4,378.2,Norte
TX-000406,2026-03-01,CUST-0080,PROD-015,5,438.99,Oeste
TX-000407,2026-01-08,CUST-0144,PROD-006,3,73.92,Este
TX-000408,2026-02-22,CUST-0106,PROD-008,1,115.69,Este
TX-000409,2026-03-01,CUST-0070,PROD-005,1,392.76,Sur
TX-000410,2026-01-05,CUST-0044,PROD-016,7,418.01,Norte
TX-000411,2026-03-09,CUST-0073,PROD-018,1,197.54,Este
TX-000412,2026-01-06,CUST-0045,PROD-006,1,37.02,Sur
TX-000413,2026-02-16,CUST-0107,PROD-005,3,32.14,Norte
TX-000414,2026-02-24,CUST-0084,PROD-016,10,264.67,Este
TX-000415,2026-02-09,CUST-0082,PROD-013,4,185.91,Norte
TX-000416,2026-02-21,CUST-0107,PROD-005,4,27.46,Sur
TX-000417,2026-01-16,CUST-0021,PROD-013,2,268.71,Sur
TX-000418,2026-01-13,CUST-0007,PROD-017,1,19.92,Norte
TX-000419,2026-01-30,CUST-0070,PROD-018,3,357.51,
TX-000420,2026-01-19,CUST-0127,PROD-008,11,148.3,Norte
TX-000421,2026-01-17,CUST-0143,PROD-013,4,32.51,Norte
TX-000422,2026-03-04,CUST-0148,PROD-019,3,270.93,Norte
TX-000423,2026-01-19,CUST-0143,PROD-003,8,187.99,Este
TX-000424,2026-02-27,CUST-0149,PROD-024,10,438.6,Sur
TX-000425,2026-02-24,CUST-0120,PROD-008,1,251.73,Este
TX-000426,2026-03-31,CUST-0128,PROD-002,2,134.73,Norte
TX-000427,2026-03-31,CUST-0142,PROD-008,7,323.61,Norte
TX-000428,2026-03-03,CUST-0057,PROD-013,4,133.1,Sur
TX-000429,2026-01-23,CUST-0058,PROD-013,8,408.35,Oeste
TX-000430,2026-01-09,CUST-0021,PROD-001,11,178.0,Oeste
TX-000431,2026-01-12,CUST-0082,PROD-006,3,254.19,Norte
TX-000432,2026-01-01,CUST-0069,PROD-024,6,37.0,Este
TX-000433,2026-02-27,CUST-0131,PROD-019,9,200.36,Oeste
TX-000434,2026-01-01,CUST-0087,PROD-016,1,377.08,Sur
TX-000435,2026-02-03,CUST-0049,PROD-008,1,365.46,Oeste
TX-000436,2026-02-17,CUST-0147,PROD-001,8,112.58,Norte
TX-000437,2026-03-30,CUST-0115,PROD-016,3,113.34,Oeste
TX-000438,2026-01-01,CUST-0089,PROD-009,5,370.53,Este
TX-000439,2026-01-16,CUST-0085,PROD-013,1,419.72,Oeste
TX-000440,2026-03-02,CUST-0128,PROD-011,5,56.48,Este
TX-000441,2026-03-05,CUST-0140,PROD-013,11,210.78,Sur
TX-000442,2026-03-04,CUST-0117,PROD-021,6,161.79,Oeste
TX-000443,2026-03-10,CUST-0127,PROD-010,8,393.75,Sur
TX-000444,2026-01-22,CUST-0071,PROD-004,3,51.33,Sur
TX-000445,2026-03-08,CUST-0086,PROD-006,3,106.84,Este
TX-000446,2026-03-17,CUST-0033,PROD-007,11,342.32,Este
TX-000447,2026-01-26,CUST-0081,PROD-005,11,37.31,Oeste
TX-000448,2026-01-16,CUST-0061,PROD-011,10,229.25,Norte
TX-000449,2026-02-20,CUST-0061,PROD-013,9,207.32,Oeste
TX-000450,2026-03-27,CUST-0098,PROD-019,4,160.46,Este
TX-000451,2026-02-26,CUST-0028,PROD-023,4,186.64,Norte
TX-000452,2026-01-29,CUST-0043,PROD-010,7,245.52,Sur
TX-000453,2026-03-19,CUST-0086,PROD-010,2,85.19,Sur
TX-000454,2026-03-10,CUST-0017,PROD-011,8,263.82,Sur
TX-000455,2026-02-16,CUST-0098,PROD-021,6,365.36,
TX-000456,2026-03-03,CUST-0098,PROD-007,3,345.67,Este
TX-000457,2026-03-10,CUST-0065,PROD-018,9,81.95,Este
TX-000458,2026-03-17,CUST-0074,PROD-004,5,79.92,
TX-000459,2026-01-16,CUST-0085,PROD-002,8,131.66,Sur
TX-000460,2026-03-31,CUST-0005,PROD-014,7,172.07,Oeste
TX-000461,2026-03-31,CUST-0002,PROD-013,8,192.68,Sur
TX-000462,2026-02-17,CUST-0022,PROD-012,7,310.67,Oeste
TX-000463,2026-03-26,CUST-0112,PROD-007,3,39.66,Norte
TX-000464,2026-02-08,CUST-0057,PROD-002,2,30.08,Oeste
TX-000465,2026-02-02,CUST-0066,PROD-013,7,185.48,Norte
TX-000466,2026-01-23,CUST-0074,PROD-014,3,318.27,Sur
TX-000467,2026-01-10,CUST-0098,PROD-017,3,99.14,Este
TX-000468,2026-03-10,CUST-0144,PROD-009,2,294.05,Sur
TX-000469,2026-02-03,CUST-0112,PROD-017,4,128.03,Este
TX-000470,2026-02-21,CUST-0125,PROD-008,8,400.45,Sur
TX-000471,2026-01-10,CUST-0086,PROD-002,1,404.63,Este
TX-000472,2026-01-19,CUST-0076,PROD-024,1,144.32,Norte
TX-000473,2026-02-27,CUST-0088,PROD-013,5,115.05,Norte
TX-000474,2026-01-01,CUST-0038,PROD-003,11,193.92,Sur
TX-000475,2026-03-10,CUST-0059,PROD-016,5,119.63,Sur
TX-000476,2026-01-04,CUST-0138,PROD-006,11,307.49,Norte
TX-000477,2026-01-16,CUST-0099,PROD-019,1,374.34,Sur
TX-000478,2026-01-24,CUST-0063,PROD-007,6,307.8,Sur
TX-000479,2026-03-21,CUST-0049,PROD-010,1,373.59,Norte
TX-000480,2026-01-02,CUST-0032,PROD-009,5,187.69,Este
TX-000481,2026-02-01,CUST-0135,PROD-002,9,83.0,Oeste
TX-000482,2026-03-25,CUST-0021,PROD-015,5,336.01,Norte
TX-000483,2026-01-24,CUST-0020,PROD-005,6,171.81,Este
TX-000484,2026-01-12,CUST-0127,PROD-022,8,307.0,Este
TX-000485,2026-02-19,CUST-0068,PROD-004,11,132.73,Sur
TX-000486,2026-02-04,CUST-0110,PROD-020,1,50.33,Este
TX-000487,2026-02-02,CUST-0116,PROD-004,2,446.77,Sur
TX-000488,2026-02-02,CUST-0143,PROD-018,9,82.95,Sur
TX-000489,2026-03-02,CUST-0120,PROD-004,3,444.96,Norte
TX-000490,2026-02-20,CUST-0079,PROD-017,6,440.12,Este
TX-000491,2026-02-12,CUST-0116,PROD-012,5,360.31,Este
TX-000492,2026-01-12,CUST-0092,PROD-022,11,301.85,Norte
TX-000493,2026-03-08,CUST-0014,PROD-017,2,266.35,Sur
TX-000494,2026-03-06,CUST-0125,PROD-010,7,391.75,
TX-000495,2026-02-02,CUST-0058,PROD-022,4,140.91,Sur
TX-000496,2026-02-09,CUST-0028,PROD-001,1,218.44,Sur
TX-000497,2026-03-15,CUST-0026,PROD-022,4,284.43,Oeste
TX-000498,2026-02-12,CUST-0113,PROD-024,6,193.87,Este
TX-000499,2026-02-13,CUST-0066,PROD-018,7,200.96,Este
TX-000500,2026-01-29,CUST-0131,PROD-018,7,158.67,Oeste
TX-000501,2026-01-13,CUST-0044,PROD-014,7,260.44,Oeste
TX-000502,2026-01-12,CUST-0097,PROD-015,3,385.0,Sur
TX-000503,2026-02-15,CUST-0042,PROD-012,6,102.66,Sur
TX-000504,2026-01-02,CUST-0006,PROD-004,8,421.48,Sur
TX-000505,2026-02-04,CUST-0023,PROD-003,4,314.75,
TX-000506,2026-03-28,CUST-0089,PROD-020,8,373.12,Este
TX-000507,2026-03-22,CUST-0123,PROD-012,2,256.94,Norte
TX-000508,2026-03-31,CUST-0147,PROD-007,10,354.09,Oeste
TX-000509,2026-01-08,CUST-0051,PROD-011,9,22.05,Sur
TX-000510,2026-01-26,CUST-0011,PROD-001,9,371.0,Norte
TX-000511,2026-03-15,CUST-0012,PROD-006,8,32.46,Este
TX-000512,2026-03-31,CUST-0074,PROD-015,10,402.11,Sur
TX-000513,2026-02-03,CUST-0008,PROD-015,10,446.5,Oeste
TX-000514,2026-01-07,CUST-0041,PROD-019,1,142.92,Norte
TX-000515,2026-03-09,CUST-0085,PROD-011,2,106.49,Oeste
TX-000516,2026-02-27,CUST-0072,PROD-023,6,347.93,Este
TX-000517,2026-03-16,CUST-0055,PROD-002,10,125.07,Norte
TX-000518,2026-01-29,CUST-0137,PROD-014,5,391.52,
TX-000519,2026-02-05,CUST-0047,PROD-002,9,59.74,Sur
TX-000520,2026-03-30,CUST-0143,PROD-004,5,69.79,Sur
TX-000521,2026-01-21,CUST-0104,PROD-017,2,440.93,Sur
TX-000522,2026-02-05,CUST-0042,PROD-003,10,308.12,Oeste
TX-000523,2026-01-10,CUST-0060,PROD-013,4,383.4,Sur
TX-000524,2026-03-14,CUST-0012,PROD-009,9,156.08,Norte
TX-000525,2026-01-24,CUST-0130,PROD-007,1,309.27,Norte
TX-000526,2026-03-05,CUST-0007,PROD-015,11,273.5,Sur
TX-000527,2026-02-18,CUST-0080,PROD-023,1,277.37,Oeste
TX-000528,2026-02-05,CUST-0131,PROD-011,7,311.9,Sur
TX-000529,2026-03-23,CUST-0109,PROD-020,11,265.28,Norte
TX-000530,2026-01-24,CUST-0003,PROD-002,3,201.64,Norte
TX-000531,2026-01-23,CUST-0027,PROD-015,10,135.03,Sur
TX-000532,2026-03-03,CUST-0114,PROD-014,2,349.33,Oeste
TX-000533,2026-02-06,CUST-0107,PROD-020,9,113.43,Sur
TX-000534,2026-01-12,CUST-0040,PROD-022,3,316.17,
TX-000535,2026-02-24,CUST-0129,PROD-011,2,116.5,Sur
TX-000536,2026-01-13,CUST-0008,PROD-003,8,287.02,Norte
TX-000537,2026-01-23,CUST-0101,PROD-017,10,339.98,Oeste
TX-000538,2026-03-30,CUST-0124,PROD-012,6,110.14,Sur
TX-000539,2026-01-30,CUST-0107,PROD-024,6,41.08,Este
TX-000540,2026-01-17,CUST-0101,PROD-021,10,71.97,
TX-000541,2026-03-03,CUST-0004,PROD-015,11,278.61,Norte
TX-000542,2026-03-25,CUST-0110,PROD-016,7,384.51,Norte
TX-000543,2026-03-30,CUST-0019,PROD-005,7,34.57,Este
TX-000544,2026-03-27,CUST-0032,PROD-020,11,334.36,Sur
TX-000545,2026-01-13,CUST-0137,PROD-006,6,163.47,Norte
TX-000546,2026-02-28,CUST-0012,PROD-019,4,223.16,Norte
TX-000547,2026-01-19,CUST-0139,PROD-005,11,419.05,Norte
TX-000548,2026-02-18,CUST-0046,PROD-003,9,159.41,Oeste
TX-000549,2026-01-12,CUST-0119,PROD-001,6,217.42,Norte
TX-000550,2026-03-02,CUST-0016,PROD-006,4,20.95,Sur
TX-000551,2026-01-19,CUST-0129,PROD-015,3,50.5,Este
TX-000552,2026-03-17,CUST-0063,PROD-002,4,127.49,Sur
TX-000553,2026-01-09,CUST-0109,PROD-003,3,27.12,Norte
TX-000554,2026-03-12,CUST-0119,PROD-017,2,289.65,Oeste
TX-000555,2026-01-28,CUST-0021,PROD-024,5,200.48,Norte
TX-000556,2026-03-19,CUST-0013,PROD-012,2,253.44,Este
TX-000557,2026-02-21,CUST-0004,PROD-018,6,90.97,Oeste
TX-000558,2026-03-24,CUST-0102,PROD-015,3,143.73,Sur
TX-000559,2026-01-16,CUST-0059,PROD-012,6,303.76,Este
TX-000560,2026-03-10,CUST-0128,PROD-016,11,434.91,Sur
TX-000561,2026-01-12,CUST-0027,PROD-008,10,36.93,Sur
TX-000562,2026-01-25,CUST-0069,PROD-014,9,402.32,Oeste
TX-000563,2026-02-21,CUST-0025,PROD-017,1,265.94,Oeste
TX-000564,2026-03-26,CUST-0131,PROD-021,6,260.31,Sur
TX-000565,2026-02-22,CUST-0097,PROD-008,9,232.62,Este
TX-000566,2026-01-23,CUST-0025,PROD-015,11,45.19,Oeste
TX-000567,2026-01-16,CUST-0148,PROD-014,4,54.1,
TX-000568,2026-02-26,CUST-0126,PROD-018,11,276.4,Sur
TX-000569,2026-02-08,CUST-0133,PROD-020,2,163.32,Sur
TX-000570,2026-02-22,CUST-0009,PROD-007,4,414.01,Sur
TX-000571,2026-02-11,CUST-0116,PROD-003,1,191.87,
TX-000572,2026-02-27,CUST-0134,PROD-012,3,77.33,Norte
TX-000573,2026-02-08,CUST-0060,PROD-021,10,325.9,Este
TX-000574,2026-01-14,CUST-0121,PROD-024,9,142.61,Sur
TX-000575,2026-01-05,CUST-0139,PROD-003,10,243.58,Sur
TX-000576,2026-02-04,CUST-0108,PROD-020,5,318.56,Sur
TX-000577,2026-03-28,CUST-0108,PROD-014,11,406.61,
TX-000578,2026-03-16,CUST-0131,PROD-015,6,359.6,Norte
TX-000579,2026-01-18,CUST-0076,PROD-014,3,309.22,Este
TX-000580,2026-03-17,CUST-0030,PROD-007,5,310.64,Norte
TX-000581,2026-01-09,CUST-0021,PROD-017,11,426.48,Norte
TX-000582,2026-03-15,CUST-0034,PROD-012,8,143.68,Sur
TX-000583,2026-02-27,CUST-0041,PROD-020,6,15.48,Sur
TX-000584,2026-01-17,CUST-0051,PROD-004,4,133.3,Norte
TX-000585,2026-01-07,CUST-0082,PROD-009,2,109.78,Sur
TX-000586,2026-02-15,CUST-0058,PROD-006,9,302.9,Norte
TX-000587,2026-01-13,CUST-0075,PROD-016,1,290.66,Sur
TX-000588,2026-02-09,CUST-0023,PROD-022,1,273.16,
TX-000589,2026-02-11,CUST-0128,PROD-022,4,22.07,Oeste
TX-000590,2026-01-09,CUST-0017,PROD-021,7,332.02,Sur
TX-000591,2026-02-19,CUST-0069,PROD-021,1,155.74,Este
TX-000592,2026-01-27,CUST-0108,PROD-002,9,304.3,Oeste
TX-000593,2026-03-07,CUST-0139,PROD-024,4,257.11,Norte
TX-000594,2026-01-05,CUST-0094,PROD-008,3,164.09,Oeste
TX-000595,2026-01-29,CUST-0015,PROD-011,1,73.54,Oeste
TX-000596,2026-02-06,CUST-0091,PROD-013,10,56.07,Norte
TX-000597,2026-02-07,CUST-0033,PROD-017,4,376.71,Norte
TX-000598,2026-03-24,CUST-0125,PROD-008,9,414.5,
TX-000599,2026-01-08,CUST-0016,PROD-021,10,297.66,Este
TX-000600,2026-03-06,CUST-0066,PROD-018,6,59.99,Norte
TX-000601,2026-03-27,CUST-0047,PROD-018,6,189.88,Norte
TX-000602,2026-01-17,CUST-0148,PROD-014,1,332.09,Sur
TX-000603,2026-03-12,CUST-0124,PROD-015,10,354.22,Este
TX-000604,2026-03-30,CUST-0001,PROD-006,2,66.43,Este
TX-000605,2026-02-14,CUST-0087,PROD-011,11,15.01,
TX-000606,2026-01-04,CUST-0128,PROD-013,6,324.78,Sur
TX-000607,2026-02-05,CUST-0067,PROD-001,2,170.12,Este
TX-000608,2026-03-11,CUST-0004,PROD-006,3,125.7,Este
TX-000609,2026-01-31,CUST-0047,PROD-009,4,20.61,Sur
TX-000610,2026-01-19,CUST-0038,PROD-008,11,250.03,Norte
TX-000611,2026-03-02,CUST-0143,PROD-011,5,385.25,
TX-000612,2026-02-23,CUST-0021,PROD-022,9,431.57,Oeste
TX-000613,2026-02-08,CUST-0057,PROD-019,4,261.1,Sur
TX-000614,2026-03-15,CUST-0117,PROD-024,11,238.79,Este
TX-000615,2026-03-31,CUST-0046,PROD-009,9,52.0,Norte
TX-000616,2026-01-19,CUST-0142,PROD-017,11,253.76,Este
TX-000617,2026-02-08,CUST-0145,PROD-012,10,180.29,Este
TX-000618,2026-03-08,CUST-0039,PROD-014,3,279.1,Sur
TX-000619,2026-02-14,CUST-0137,PROD-015,8,184.1,
TX-000620,2026-01-13,CUST-0099,PROD-016,1,119.53,Este
TX-000621,2026-02-27,CUST-0077,PROD-022,11,56.31,Sur
TX-000622,2026-01-20,CUST-0115,PROD-022,9,151.99,Oeste
TX-000623,2026-03-13,CUST-0134,PROD-020,9,57.04,Norte
TX-000624,2026-03-02,CUST-0091,PROD-001,10,91.95,Sur
TX-000625,2026-02-08,CUST-0098,PROD-010,2,444.49,Sur
TX-000626,2026-01-01,CUST-0120,PROD-008,4,208.19,Sur
TX-000627,2026-01-03,CUST-0046,PROD-018,8,246.36,Oeste
TX-000628,2026-03-18,CUST-0038,PROD-001,7,395.02,Sur
TX-000629,2026-03-03,CUST-0142,PROD-002,1,448.07,Oeste
TX-000630,2026-03-04,CUST-0100,PROD-001,5,268.48,Este
TX-000631,2026-01-25,CUST-0072,PROD-001,7,368.43,Sur
TX-000632,2026-02-25,CUST-0035,PROD-009,4,157.22,Oeste
TX-000633,2026-02-02,CUST-0147,PROD-013,1,148.0,Norte
TX-000634,2026-02-07,CUST-0030,PROD-001,9,190.18,Norte
TX-000635,2026-01-06,CUST-0078,PROD-013,5,307.54,Sur
TX-000636,2026-02-27,CUST-0084,PROD-020,11,311.75,Norte
TX-000637,2026-02-13,CUST-0113,PROD-022,2,152.13,Norte
TX-000638,2026-02-14,CUST-0025,PROD-007,8,72.95,Este
TX-000639,2026-02-01,CUST-0088,PROD-002,11,290.09,Sur
TX-000640,2026-02-14,CUST-0014,PROD-006,2,70.82,Sur
TX-000641,2026-03-02,CUST-0102,PROD-007,3,266.64,
TX-000642,2026-02-16,CUST-0083,PROD-014,10,316.64,Este
TX-000643,2026-01-21,CUST-0110,PROD-018,1,319.77,Oeste
TX-000644,2026-03-21,CUST-0131,PROD-015,11,342.76,Norte
TX-000645,2026-03-26,CUST-0019,PROD-002,2,394.69,Este
TX-000646,2026-03-16,CUST-0028,PROD-010,7,232.48,Oeste
TX-000647,2026-02-05,CUST-0071,PROD-023,10,332.66,Este
TX-000648,2026-01-19,CUST-0063,PROD-012,2,284.34,Este
TX-000649,2026-01-20,CUST-0073,PROD-017,6,96.19,Sur
TX-000650,2026-02-26,CUST-0124,PROD-008,3,26.17,Norte
TX-000651,2026-01-18,CUST-0119,PROD-011,4,138.78,Sur
TX-000652,2026-02-16,CUST-0121,PROD-003,11,207.72,Sur
TX-000653,2026-02-18,CUST-0019,PROD-006,8,283.44,Oeste
TX-000654,2026-01-14,CUST-0142,PROD-009,3,384.73,Norte
TX-000655,2026-01-15,CUST-0120,PROD-006,10,100.37,
TX-000656,2026-01-31,CUST-0061,PROD-009,6,69.61,
TX-000657,2026-01-01,CUST-0030,PROD-007,1,434.11,Norte
TX-000658,2026-02-23,CUST-0009,PROD-009,7,62.0,Sur
TX-000659,2026-01-03,CUST-0064,PROD-018,8,223.14,Oeste
TX-000660,2026-01-16,CUST-0120,PROD-012,11,269.72,
TX-000661,2026-03-28,CUST-0052,PROD-008,8,250.5,Sur
TX-000662,2026-02-26,CUST-0089,PROD-008,3,52.42,Sur
TX-000663,2026-03-16,CUST-0142,PROD-018,10,39.81,Este
TX-000664,2026-01-12,CUST-0053,PROD-020,1,60.89,Este
TX-000665,2026-03-15,CUST-0078,PROD-015,9,269.73,Sur
TX-000666,2026-01-16,CUST-0041,PROD-007,6,251.79,Este
TX-000667,2026-03-13,CUST-0068,PROD-011,11,116.68,Norte
TX-000668,2026-03-17,CUST-0008,PROD-020,9,292.43,Norte
TX-000669,2026-01-24,CUST-0002,PROD-016,7,371.73,Sur
TX-000670,2026-01-28,CUST-0105,PROD-004,1,33.09,Sur
TX-000671,2026-01-08,CUST-0125,PROD-006,1,231.69,Sur
TX-000672,2026-02-05,CUST-0110,PROD-022,6,314.85,Sur
TX-000673,2026-03-31,CUST-0086,PROD-003,5,124.76,Sur
TX-000674,2026-01-08,CUST-0120,PROD-009,9,148.88,Norte
TX-000675,2026-02-27,CUST-0127,PROD-010,2,281.93,Sur
TX-000676,2026-03-01,CUST-0016,PROD-014,8,405.6,
TX-000677,2026-02-19,CUST-0062,PROD-011,11,367.32,Sur
TX-000678,2026-01-28,CUST-0113,PROD-018,5,268.66,Sur
TX-000679,2026-02-10,CUST-0012,PROD-022,2,332.65,Este
TX-000680,2026-03-05,CUST-0035,PROD-012,10,173.7,
TX-000681,2026-01-27,CUST-0011,PROD-023,11,293.82,Norte
TX-000682,2026-03-04,CUST-0064,PROD-012,11,217.79,Este
TX-000683,2026-01-17,CUST-0050,PROD-013,6,97.62,Este
TX-000684,2026-03-14,CUST-0149,PROD-013,10,320.26,Este
TX-000685,2026-02-02,CUST-0069,PROD-019,8,257.06,Norte
TX-000686,2026-03-25,CUST-0048,PROD-019,4,171.0,Este
TX-000687,2026-03-18,CUST-0020,PROD-023,2,411.43,Norte
TX-000688,2026-01-29,CUST-0101,PROD-014,11,24.11,Este
TX-000689,2026-01-13,CUST-0137,PROD-004,5,152.36,Este
TX-000690,2026-02-15,CUST-0068,PROD-013,2,39.74,Norte
TX-000691,2026-02-04,CUST-0035,PROD-008,2,348.44,Oeste
TX-000692,2026-01-06,CUST-0065,PROD-023,6,320.42,Norte
TX-000693,2026-03-23,CUST-0008,PROD-021,11,159.14,Oeste
TX-000694,2026-03-10,CUST-0045,PROD-023,10,308.91,Sur
TX-000695,2026-02-16,CUST-0087,PROD-019,9,187.23,Norte
TX-000696,2026-01-25,CUST-0076,PROD-012,4,343.97,Norte
TX-000697,2026-03-07,CUST-0076,PROD-018,6,212.57,
TX-000698,2026-01-10,CUST-0047,PROD-006,7,194.34,Norte
TX-000699,2026-02-25,CUST-0015,PROD-018,11,421.61,Norte
TX-000700,2026-01-30,CUST-0105,PROD-019,6,124.13,Sur
TX-000701,2026-01-05,CUST-0147,PROD-022,8,67.39,Este
TX-000702,2026-02-02,CUST-0026,PROD-005,4,269.28,Este
TX-000703,2026-03-06,CUST-0052,PROD-024,1,436.65,Norte
TX-000704,2026-01-18,CUST-0093,PROD-009,7,179.36,Sur
TX-000705,2026-02-18,CUST-0021,PROD-003,3,41.99,Norte
TX-000706,2026-01-11,CUST-0051,PROD-010,6,162.6,Norte
TX-000707,2026-03-26,CUST-0038,PROD-019,2,235.08,Sur
TX-000708,2026-01-26,CUST-0020,PROD-003,9,85.44,Este
TX-000709,2026-03-04,CUST-0132,PROD-022,1,301.27,Norte
TX-000710,2026-03-30,CUST-0055,PROD-015,6,449.02,Sur
TX-000711,2026-03-27,CUST-0092,PROD-001,6,211.51,Sur
TX-000712,2026-02-28,CUST-0028,PROD-007,5,169.31,
TX-000713,2026-01-27,CUST-0004,PROD-012,5,189.31,
TX-000714,2026-02-18,CUST-0076,PROD-017,1,65.09,Oeste
TX-000715,2026-03-18,CUST-0067,PROD-021,10,399.22,Norte
TX-000716,2026-02-02,CUST-0086,PROD-024,5,195.45,Norte
TX-000717,2026-01-01,CUST-0091,PROD-020,2,183.46,Sur
TX-000718,2026-01-21,CUST-0105,PROD-005,7,301.97,Norte
TX-000719,2026-02-24,CUST-0001,PROD-004,3,207.28,Sur
TX-000720,2026-01-06,CUST-0072,PROD-012,4,296.98,Oeste
TX-000721,2026-03-22,CUST-0087,PROD-020,3,41.73,Oeste
TX-000722,2026-03-10,CUST-0006,PROD-024,3,368.97,Oeste
TX-000723,2026-01-05,CUST-0145,PROD-018,4,424.12,Sur
TX-000724,2026-01-03,CUST-0061,PROD-017,5,297.21,Este
TX-000725,2026-02-22,CUST-0012,PROD-019,1,430.24,Sur
TX-000726,2026-01-23,CUST-0006,PROD-009,4,80.87,Norte
TX-000727,2026-02-22,CUST-0027,PROD-004,11,222.68,Este
TX-000728,2026-02-06,CUST-0136,PROD-021,8,276.79,Norte
TX-000729,2026-03-15,CUST-0124,PROD-002,10,268.06,Sur
TX-000730,2026-03-15,CUST-0106,PROD-004,7,189.64,Sur
TX-000731,2026-03-24,CUST-0093,PROD-002,9,162.07,Este
TX-000732,2026-01-17,CUST-0109,PROD-015,5,70.17,Este
TX-000733,2026-03-26,CUST-0099,PROD-002,10,185.41,Sur
TX-000734,2026-03-19,CUST-0142,PROD-004,4,85.76,Oeste
TX-000735,2026-03-14,CUST-0035,PROD-006,8,334.45,Sur
TX-000736,2026-01-01,CUST-0084,PROD-007,9,105.84,Sur
TX-000737,2026-02-20,CUST-0056,PROD-010,7,40.48,Este
TX-000738,2026-02-14,CUST-0141,PROD-019,7,255.28,Este
TX-000739,2026-03-18,CUST-0049,PROD-019,5,273.92,
TX-000740,2026-01-04,CUST-0046,PROD-022,4,394.28,Norte
TX-000741,2026-03-03,CUST-0113,PROD-012,10,265.99,Este
TX-000742,2026-03-06,CUST-0136,PROD-003,1,165.28,Este
TX-000743,2026-02-01,CUST-0043,PROD-013,10,364.31,Oeste
TX-000744,2026-02-03,CUST-0148,PROD-018,10,250.02,Norte
TX-000745,2026-03-13,CUST-0124,PROD-008,7,49.49,Este
TX-000746,2026-02-08,CUST-0097,PROD-021,1,261.14,Este
TX-000747,2026-01-26,CUST-0090,PROD-015,1,409.99,Sur
TX-000748,2026-02-03,CUST-0039,PROD-001,5,187.4,Sur
TX-000749,2026-02-23,CUST-0085,PROD-003,9,143.9,Sur
TX-000750,2026-01-03,CUST-0062,PROD-008,6,77.41,Este
TX-000751,2026-02-19,CUST-0106,PROD-004,3,80.88,Oeste
TX-000752,2026-01-12,CUST-0107,PROD-016,3,203.26,Este
TX-000753,2026-03-06,CUST-0054,PROD-023,7,274.12,Este
TX-000754,2026-02-23,CUST-0126,PROD-010,6,50.07,Sur
TX-000755,2026-01-05,CUST-0009,PROD-012,9,423.71,Norte
TX-000756,2026-02-26,CUST-0088,PROD-014,6,343.48,Norte
TX-000757,2026-01-17,CUST-0037,PROD-014,5,270.18,Sur
TX-000758,2026-02-16,CUST-0049,PROD-002,10,375.37,Sur
TX-000759,2026-01-23,CUST-0041,PROD-023,7,49.88,Norte
TX-000760,2026-03-20,CUST-0017,PROD-005,1,222.42,Sur
TX-000761,2026-03-26,CUST-0088,PROD-005,7,289.09,Sur
TX-000762,2026-01-14,CUST-0021,PROD-006,3,375.46,Norte
TX-000763,2026-03-07,CUST-0051,PROD-013,9,355.81,Sur
TX-000764,2026-03-16,CUST-0059,PROD-009,6,135.53,Norte
TX-000765,2026-02-20,CUST-0041,PROD-022,9,424.28,Oeste
TX-000766,2026-02-07,CUST-0039,PROD-015,5,69.09,Oeste
TX-000767,2026-03-05,CUST-0141,PROD-014,7,395.68,Este
TX-000768,2026-02-07,CUST-0011,PROD-024,4,437.36,Norte
TX-000769,2026-02-19,CUST-0147,PROD-007,7,92.06,Oeste
TX-000770,2026-03-23,CUST-0139,PROD-020,1,329.1,Oeste
TX-000771,2026-01-30,CUST-0077,PROD-002,7,32.52,Este
TX-000772,2026-03-20,CUST-0127,PROD-007,8,191.36,Norte
TX-000773,2026-02-20,CUST-0046,PROD-006,5,239.58,Este
TX-000774,2026-03-04,CUST-0045,PROD-017,2,267.58,Oeste
TX-000775,2026-02-21,CUST-0001,PROD-002,5,422.13,Este
TX-000776,2026-02-07,CUST-0108,PROD-003,6,307.43,Este
TX-000777,2026-03-29,CUST-0019,PROD-005,2,224.36,Sur
TX-000778,2026-03-20,CUST-0076,PROD-005,6,367.21,Este
TX-000779,2026-01-30,CUST-0072,PROD-001,6,428.48,Norte
TX-000780,2026-02-20,CUST-0109,PROD-008,1,24.6,Este
TX-000781,2026-03-22,CUST-0012,PROD-012,1,442.4,Norte
TX-000782,2026-01-05,CUST-0045,PROD-024,11,52.47,Sur
TX-000783,2026-01-29,CUST-0090,PROD-004,10,369.26,Sur
TX-000784,2026-01-04,CUST-0103,PROD-013,3,136.95,Este
TX-000785,2026-01-10,CUST-0008,PROD-023,10,72.5,Norte
TX-000786,2026-02-25,CUST-0091,PROD-015,10,206.34,Este
TX-000787,2026-01-17,CUST-0087,PROD-011,3,295.12,Oeste
TX-000788,2026-03-15,CUST-0084,PROD-010,4,180.71,Norte
TX-000789,2026-01-17,CUST-0082,PROD-003,2,38.74,Norte
TX-000790,2026-03-25,CUST-0146,PROD-022,9,275.77,Norte
TX-000791,2026-03-29,CUST-0068,PROD-014,10,407.55,Oeste
TX-000792,2026-03-10,CUST-0127,PROD-016,11,181.7,Este
TX-000793,2026-02-03,CUST-0082,PROD-010,7,109.1,Sur
TX-000794,2026-01-06,CUST-0147,PROD-010,7,207.52,Norte
TX-000795,2026-02-22,CUST-0084,PROD-012,6,36.04,Este
TX-000796,2026-03-07,CUST-0113,PROD-009,3,371.91,Oeste
TX-000797,2026-03-18,CUST-0076,PROD-001,6,374.46,Oeste
TX-000798,2026-02-12,CUST-0122,PROD-005,8,270.78,Este
TX-000799,2026-03-16,CUST-0143,PROD-020,8,168.6,Norte
TX-000800,2026-01-23,CUST-0041,PROD-008,11,362.91,Norte
TX-000801,2026-02-24,CUST-0002,PROD-011,9,256.29,Norte
TX-000802,2026-03-21,CUST-0029,PROD-012,1,374.28,Norte
TX-000803,2026-03-16,CUST-0105,PROD-001,1,289.68,Norte
TX-000804,2026-01-16,CUST-0051,PROD-022,3,356.22,Norte
TX-000805,2026-01-08,CUST-0075,PROD-020,3,275.37,Sur
TX-000806,2026-01-04,CUST-0010,PROD-011,10,195.15,Oeste
TX-000807,2026-01-04,CUST-0142,PROD-005,8,431.71,Este
TX-000808,2026-02-25,CUST-0051,PROD-015,10,250.38,Oeste
TX-000809,2026-01-25,CUST-0118,PROD-005,1,278.21,Este
TX-000810,2026-03-08,CUST-0121,PROD-012,2,110.91,Norte
TX-000811,2026-03-08,CUST-0039,PROD-005,2,287.16,Este
TX-000812,2026-01-27,CUST-0028,PROD-017,3,263.65,Sur
TX-000813,2026-02-01,CUST-0003,PROD-017,6,95.4,Este
TX-000814,2026-02-19,CUST-0084,PROD-024,1,40.92,Sur
TX-000815,2026-03-02,CUST-0117,PROD-012,2,277.9,
TX-000816,2026-02-20,CUST-0002,PROD-024,1,347.21,Norte
TX-000817,2026-01-19,CUST-0093,PROD-015,5,242.68,Sur
TX-000818,2026-01-21,CUST-0131,PROD-015,7,113.65,Oeste
TX-000819,2026-01-05,CUST-0144,PROD-006,8,304.94,Norte
TX-000820,2026-03-23,CUST-0094,PROD-012,10,49.85,Este
TX-000821,2026-02-11,CUST-0040,PROD-020,1,207.2,Este
TX-000822,2026-03-02,CUST-0002,PROD-018,7,86.06,Oeste
TX-000823,2026-01-22,CUST-0081,PROD-014,5,95.24,
TX-000824,2026-01-21,CUST-0012,PROD-002,10,103.0,
TX-000825,2026-03-11,CUST-0065,PROD-009,1,183.22,Norte
TX-000826,2026-01-01,CUST-0055,PROD-005,3,37.25,Oeste
TX-000827,2026-01-05,CUST-0045,PROD-020,7,188.04,Este
TX-000828,2026-01-12,CUST-0101,PROD-001,10,237.59,Este
TX-000829,2026-03-31,CUST-0062,PROD-023,1,225.23,Norte
TX-000830,2026-02-15,CUST-0049,PROD-003,7,181.51,Este
TX-000831,2026-02-03,CUST-0127,PROD-006,5,380.03,
TX-000832,2026-02-18,CUST-0023,PROD-005,1,78.22,Oeste
TX-000833,2026-03-19,CUST-0038,PROD-021,1,234.98,Sur
TX-000834,2026-03-31,CUST-0028,PROD-005,1,41.99,Norte
TX-000835,2026-02-14,CUST-0021,PROD-001,11,45.95,Sur
TX-000836,2026-01-27,CUST-0107,PROD-017,9,264.63,Oeste
TX-000837,2026-03-14,CUST-0146,PROD-019,11,261.22,Este
TX-000838,2026-01-26,CUST-0099,PROD-014,3,396.94,Sur
TX-000839,2026-02-16,CUST-0119,PROD-012,5,257.68,Norte
TX-000840,2026-03-27,CUST-0073,PROD-010,11,432.51,Sur
TX-000841,2026-02-25,CUST-0122,PROD-020,10,36.18,Sur
TX-000842,2026-03-04,CUST-0030,PROD-021,9,57.63,Oeste
TX-000843,2026-02-17,CUST-0108,PROD-018,6,34.17,Este
TX-000844,2026-03-02,CUST-0098,PROD-024,9,95.6,Sur
TX-000845,2026-03-22,CUST-0032,PROD-011,8,250.45,Este
TX-000846,2026-01-26,CUST-0079,PROD-002,8,295.82,Norte
TX-000847,2026-02-05,CUST-0041,PROD-018,1,34.83,
TX-000848,2026-01-01,CUST-0063,PROD-007,9,426.5,Sur
TX-000849,2026-01-08,CUST-0023,PROD-024,6,381.34,Sur
TX-000850,2026-02-21,CUST-0104,PROD-015,9,144.03,Sur
TX-000851,2026-03-20,CUST-0075,PROD-011,3,48.58,Este
TX-000852,2026-02-16,CUST-0048,PROD-018,3,88.9,Este
TX-000853,2026-02-25,CUST-0057,PROD-023,6,70.22,Este
TX-000854,2026-03-27,CUST-0118,PROD-012,9,68.63,Norte
TX-000855,2026-01-14,CUST-0100,PROD-006,7,240.57,Sur
TX-000856,2026-03-31,CUST-0124,PROD-020,3,121.94,Norte
TX-000857,2026-01-28,CUST-0034,PROD-023,3,170.79,Este
TX-000858,2026-03-28,CUST-0007,PROD-013,2,445.43,Norte
TX-000859,2026-03-19,CUST-0056,PROD-020,9,312.68,Este
TX-000860,2026-03-29,CUST-0065,PROD-016,3,427.81,Oeste
TX-000861,2026-01-02,CUST-0047,PROD-018,11,77.01,Oeste
TX-000862,2026-01-26,CUST-0148,PROD-010,5,181.23,Sur
TX-000863,2026-01-14,CUST-0019,PROD-023,9,256.31,Sur
TX-000864,2026-02-28,CUST-0146,PROD-008,8,48.39,Norte
TX-000865,2026-02-25,CUST-0126,PROD-018,2,16.82,Este
TX-000866,2026-01-07,CUST-0139,PROD-021,3,306.64,Oeste
TX-000867,2026-01-03,CUST-0049,PROD-001,2,294.19,Norte
TX-000868,2026-01-23,CUST-0113,PROD-023,8,193.69,Sur
TX-000869,2026-01-18,CUST-0038,PROD-008,6,228.0,Oeste
TX-000870,2026-02-07,CUST-0064,PROD-006,6,195.72,Oeste
TX-000871,2026-01-15,CUST-0069,PROD-005,9,25.44,Norte
TX-000872,2026-03-05,CUST-0136,PROD-015,8,160.89,Este
TX-000873,2026-03-30,CUST-0116,PROD-022,4,92.03,Norte
TX-000874,2026-01-28,CUST-0065,PROD-015,4,57.81,Norte
TX-000875,2026-03-15,CUST-0031,PROD-002,9,431.17,Oeste
TX-000876,2026-02-08,CUST-0132,PROD-001,1,275.72,Oeste
TX-000877,2026-02-26,CUST-0113,PROD-023,2,331.97,Este
TX-000878,2026-01-17,CUST-0109,PROD-023,2,152.18,Norte
TX-000879,2026-03-27,CUST-0069,PROD-011,6,186.02,Oeste
TX-000880,2026-03-31,CUST-0120,PROD-010,4,118.06,Sur
TX-000881,2026-02-13,CUST-0088,PROD-018,11,57.18,Sur
TX-000882,2026-01-25,CUST-0067,PROD-018,10,92.88,Este
TX-000883,2026-01-17,CUST-0075,PROD-017,3,361.92,Norte
TX-000884,2026-01-13,CUST-0045,PROD-008,3,309.73,Este
TX-000885,2026-03-25,CUST-0004,PROD-015,3,252.91,Este
TX-000886,2026-01-25,CUST-0107,PROD-008,6,221.66,Norte
TX-000887,2026-03-09,CUST-0051,PROD-017,8,416.26,Norte
TX-000888,2026-01-10,CUST-0050,PROD-012,11,46.64,Norte
TX-000889,2026-03-08,CUST-0006,PROD-008,7,137.06,Norte
TX-000890,2026-01-18,CUST-0059,PROD-014,4,167.22,Este
TX-000891,2026-03-27,CUST-0125,PROD-004,11,355.36,Oeste
TX-000892,2026-02-03,CUST-0143,PROD-001,4,446.74,Norte
TX-000893,2026-01-08,CUST-0030,PROD-001,11,119.69,Norte
TX-000894,2026-02-09,CUST-0122,PROD-019,10,395.32,Este
TX-000895,2026-03-24,CUST-0125,PROD-016,11,376.32,Oeste
TX-000896,2026-02-11,CUST-0037,PROD-014,11,112.73,Sur
TX-000897,2026-02-10,CUST-0124,PROD-021,11,188.71,Sur
TX-000898,2026-01-06,CUST-0101,PROD-016,2,193.21,Este
TX-000899,2026-02-21,CUST-0035,PROD-005,1,440.53,Sur
TX-000900,2026-01-26,CUST-0087,PROD-009,9,93.69,Norte
TX-000901,2026-03-05,CUST-0134,PROD-002,2,362.63,Este
TX-000902,2026-02-28,CUST-0018,PROD-018,8,160.37,Este
TX-000903,2026-02-25,CUST-0113,PROD-006,9,332.93,Este
TX-000904,2026-02-28,CUST-0029,PROD-009,4,197.7,Este
TX-000905,2026-03-11,CUST-0077,PROD-001,8,266.59,Este
TX-000906,2026-02-02,CUST-0059,PROD-009,9,377.19,Norte
TX-000907,2026-02-22,CUST-0126,PROD-016,10,364.81,Sur
TX-000908,2026-01-22,CUST-0145,PROD-013,10,391.89,Norte
TX-000909,2026-01-21,CUST-0109,PROD-009,5,40.93,Norte
TX-000910,2026-03-11,CUST-0022,PROD-021,7,316.04,Este
TX-000911,2026-03-11,CUST-0068,PROD-013,10,75.89,Oeste
TX-000912,2026-01-04,CUST-0069,PROD-009,4,195.88,
TX-000913,2026-03-16,CUST-0049,PROD-011,1,253.64,Este
TX-000914,2026-03-03,CUST-0141,PROD-004,3,190.19,Norte
TX-000915,2026-03-03,CUST-0109,PROD-002,5,241.03,Norte
TX-000916,2026-01-24,CUST-0086,PROD-006,3,448.49,Oeste
TX-000917,2026-02-24,CUST-0053,PROD-014,11,73.82,Este
TX-000918,2026-01-09,CUST-0123,PROD-004,7,308.82,Este
TX-000919,2026-01-03,CUST-0087,PROD-006,9,187.26,Oeste
TX-000920,2026-01-31,CUST-0131,PROD-019,6,72.86,Este
TX-000921,2026-02-09,CUST-0042,PROD-006,10,84.05,Oeste
TX-000922,2026-02-05,CUST-0098,PROD-002,1,427.93,Norte
TX-000923,2026-01-24,CUST-0109,PROD-018,7,397.63,Este
TX-000924,2026-01-06,CUST-0051,PROD-013,3,409.56,Oeste
TX-000925,2026-03-07,CUST-0085,PROD-009,5,446.32,Sur
TX-000926,2026-03-25,CUST-0127,PROD-023,10,105.62,Este
TX-000927,2026-03-16,CUST-0021,PROD-019,4,169.62,Sur
TX-000928,2026-01-04,CUST-0044,PROD-013,10,306.11,
TX-000929,2026-03-20,CUST-0139,PROD-011,5,225.45,Norte
TX-000930,2026-01-06,CUST-0103,PROD-001,5,197.0,Este
TX-000931,2026-02-20,CUST-0068,PROD-024,6,170.65,Norte
TX-000932,2026-03-03,CUST-0129,PROD-022,10,273.29,Este
TX-000933,2026-02-26,CUST-0092,PROD-007,10,265.38,Norte
TX-000934,2026-03-07,CUST-0024,PROD-021,11,85.23,Norte
TX-000935,2026-03-20,CUST-0125,PROD-015,6,220.21,Sur
TX-000936,2026-03-16,CUST-0141,PROD-001,8,255.76,Oeste
TX-000937,2026-01-08,CUST-0111,PROD-012,8,263.07,Norte
TX-000938,2026-01-26,CUST-0098,PROD-007,11,106.4,Norte
TX-000939,2026-02-20,CUST-0139,PROD-015,9,337.89,Este
TX-000940,2026-02-14,CUST-0017,PROD-021,8,25.96,Sur
TX-000941,2026-02-13,CUST-0099,PROD-019,11,169.35,Oeste
TX-000942,2026-01-05,CUST-0082,PROD-001,2,354.39,Norte
TX-000943,2026-03-11,CUST-0104,PROD-017,10,260.29,Este
TX-000944,2026-01-26,CUST-0019,PROD-017,11,128.61,Norte
TX-000945,2026-03-09,CUST-0085,PROD-003,1,317.3,Norte
TX-000946,2026-01-19,CUST-0008,PROD-012,10,261.82,Este
TX-000947,2026-03-25,CUST-0028,PROD-006,2,361.37,Este
TX-000948,2026-01-20,CUST-0005,PROD-011,2,334.74,Este
TX-000949,2026-01-12,CUST-0145,PROD-003,3,280.4,Sur
TX-000950,2026-02-16,CUST-0101,PROD-008,10,227.36,Sur
TX-000951,2026-01-01,CUST-0118,PROD-014,7,72.93,Sur
TX-000952,2026-03-31,CUST-0147,PROD-014,2,128.68,
TX-000953,2026-01-14,CUST-0064,PROD-010,1,197.31,Sur
TX-000954,2026-03-05,CUST-0091,PROD-002,6,275.7,Sur
TX-000955,2026-02-07,CUST-0117,PROD-014,9,238.46,Sur
TX-000956,2026-02-06,CUST-0098,PROD-009,3,140.36,Este
TX-000957,2026-01-11,CUST-0011,PROD-003,6,17.81,Norte
TX-000958,2026-03-18,CUST-0054,PROD-021,3,230.86,Oeste
TX-000959,2026-01-03,CUST-0047,PROD-008,1,139.25,Norte
TX-000960,2026-02-02,CUST-0140,PROD-016,5,334.55,Oeste
TX-000961,2026-01-06,CUST-0149,PROD-002,10,25.42,Norte
TX-000962,2026-02-19,CUST-0139,PROD-006,11,269.4,Este
TX-000963,2026-01-10,CUST-0005,PROD-021,4,424.54,Oeste
TX-000964,2026-01-05,CUST-0020,PROD-012,7,90.87,Norte
TX-000965,2026-01-23,CUST-0046,PROD-005,6,220.17,
TX-000966,2026-01-10,CUST-0012,PROD-002,10,54.77,Sur
TX-000967,2026-02-13,CUST-0070,PROD-016,7,287.17,Oeste
TX-000968,2026-01-02,CUST-0017,PROD-005,5,254.48,Este
TX-000969,2026-01-13,CUST-0115,PROD-015,4,192.2,Sur
TX-000970,2026-02-09,CUST-0147,PROD-012,7,241.8,Norte
TX-000971,2026-01-02,CUST-0048,PROD-004,7,405.01,Sur
TX-000972,2026-03-25,CUST-0108,PROD-015,6,100.39,Norte
TX-000973,2026-03-06,CUST-0052,PROD-011,8,24.82,Norte
TX-000974,2026-03-04,CUST-0096,PROD-016,4,389.82,Norte
TX-000975,2026-03-14,CUST-0070,PROD-023,10,266.05,Sur
TX-000976,2026-01-17,CUST-0102,PROD-006,5,402.44,Oeste
TX-000977,2026-01-09,CUST-0075,PROD-014,4,274.67,Norte
TX-000978,2026-03-16,CUST-0143,PROD-018,1,367.42,Norte
TX-000979,2026-01-15,CUST-0082,PROD-012,8,201.91,Este
TX-000980,2026-01-24,CUST-0092,PROD-011,1,341.19,Norte
TX-000981,2026-02-07,CUST-0004,PROD-013,5,412.17,Norte
TX-000982,2026-02-04,CUST-0135,PROD-021,6,263.87,Norte
TX-000983,2026-02-18,CUST-0109,PROD-023,6,93.64,Oeste
TX-000984,2026-03-10,CUST-0048,PROD-011,5,131.93,Oeste
TX-000985,2026-03-03,CUST-0073,PROD-023,3,101.41,Sur
TX-000986,2026-03-01,CUST-0072,PROD-016,5,122.38,Este
TX-000987,2026-02-19,CUST-0116,PROD-015,8,148.29,Este
TX-000988,2026-03-19,CUST-0081,PROD-021,2,256.48,Este
TX-000989,2026-03-16,CUST-0081,PROD-015,6,270.78,Este
TX-000990,2026-01-09,CUST-0113,PROD-004,9,200.53,Este
TX-000991,2026-02-03,CUST-0096,PROD-011,8,282.71,Norte
TX-000992,2026-03-17,CUST-0072,PROD-019,11,50.49,Norte
TX-000993,2026-02-04,CUST-0147,PROD-015,8,53.19,Sur
TX-000994,2026-01-01,CUST-0063,PROD-004,8,89.75,Oeste
TX-000995,2026-02-09,CUST-0038,PROD-021,7,240.36,Este
TX-000996,2026-03-05,CUST-0067,PROD-013,8,108.09,Oeste
TX-000997,2026-01-22,CUST-0069,PROD-022,6,138.23,
TX-000998,2026-03-01,CUST-0013,PROD-019,2,189.14,Norte
TX-000999,2026-03-05,CUST-0031,PROD-002,2,368.16,Este
TX-001000,2026-03-13,CUST-0114,PROD-014,8,21.03,Este
TX-001001,2026-01-11,CUST-0022,PROD-004,11,297.48,
TX-001002,2026-01-14,CUST-0093,PROD-016,1,305.96,
TX-001003,2026-03-01,CUST-0067,PROD-021,6,362.42,Este
TX-001004,2026-01-30,CUST-0054,PROD-020,6,420.75,Norte
TX-001005,2026-02-04,CUST-0138,PROD-014,11,23.76,Oeste
TX-001006,2026-03-26,CUST-0042,PROD-015,4,81.9,Norte
TX-001007,2026-02-06,CUST-0064,PROD-003,11,400.48,Oeste
TX-001008,2026-01-05,CUST-0126,PROD-008,11,214.46,Oeste
TX-001009,2026-03-24,CUST-0021,PROD-016,10,260.6,Sur
TX-001010,2026-03-19,CUST-0035,PROD-010,3,303.42,Este
TX-001011,2026-01-26,CUST-0030,PROD-004,11,310.39,Sur
TX-001012,2026-03-03,CUST-0057,PROD-018,3,420.31,Sur
TX-001013,2026-01-04,CUST-0047,PROD-002,1,448.67,Sur
TX-001014,2026-03-30,CUST-0019,PROD-017,3,328.27,Este
TX-001015,2026-02-11,CUST-0114,PROD-013,4,139.94,Oeste
TX-001016,2026-03-30,CUST-0008,PROD-004,11,397.69,Oeste
TX-001017,2026-01-18,CUST-0026,PROD-011,11,36.41,Norte
TX-001018,2026-02-09,CUST-0113,PROD-007,5,115.52,Oeste
TX-001019,2026-03-13,CUST-0071,PROD-012,3,405.36,Este
TX-001020,2026-02-08,CUST-0030,PROD-010,6,126.44,Norte
TX-001021,2026-01-14,CUST-0135,PROD-007,11,110.98,Norte
TX-001022,2026-02-01,CUST-0067,PROD-013,5,75.08,Norte
TX-001023,2026-02-20,CUST-0065,PROD-007,3,388.71,Oeste
TX-001024,2026-02-07,CUST-0036,PROD-024,6,232.53,Este
TX-001025,2026-01-23,CUST-0025,PROD-017,6,308.58,Este
TX-001026,2026-03-04,CUST-0037,PROD-010,8,118.99,Norte
TX-001027,2026-01-15,CUST-0001,PROD-010,2,344.75,Este
TX-001028,2026-01-25,CUST-0143,PROD-024,1,345.6,Norte
TX-001029,2026-01-17,CUST-0037,PROD-004,4,150.98,Sur
TX-001030,2026-03-07,CUST-0141,PROD-020,7,193.65,Este
TX-001031,2026-03-19,CUST-0136,PROD-004,11,106.22,Norte
TX-001032,2026-02-22,CUST-0133,PROD-022,10,439.8,Oeste
TX-001033,2026-02-20,CUST-0128,PROD-007,3,295.84,Norte
TX-001034,2026-02-08,CUST-0127,PROD-022,3,421.53,Este
TX-001035,2026-02-20,CUST-0001,PROD-001,5,146.97,Sur
TX-001036,2026-03-11,CUST-0035,PROD-012,5,355.12,Este
TX-001037,2026-01-06,CUST-0104,PROD-024,10,348.15,Norte
TX-001038,2026-03-08,CUST-0023,PROD-013,3,315.87,Norte
TX-001039,2026-01-07,CUST-0009,PROD-010,9,435.05,Oeste
TX-001040,2026-02-20,CUST-0034,PROD-015,4,186.2,Norte
TX-001041,2026-03-13,CUST-0128,PROD-013,3,71.86,Oeste
TX-001042,2026-02-11,CUST-0004,PROD-023,11,307.19,
TX-001043,2026-03-05,CUST-0102,PROD-022,2,332.25,Norte
TX-001044,2026-01-15,CUST-0075,PROD-022,10,265.15,Norte
TX-001045,2026-01-29,CUST-0099,PROD-021,11,104.97,Este
TX-001046,2026-02-02,CUST-0072,PROD-022,9,234.44,
TX-001047,2026-01-27,CUST-0003,PROD-009,4,150.8,Oeste
TX-001048,2026-02-05,CUST-0142,PROD-009,3,200.95,Sur
TX-001049,2026-01-29,CUST-0034,PROD-015,7,295.67,Oeste
TX-001050,2026-02-07,CUST-0045,PROD-010,8,339.17,Norte
TX-001051,2026-02-26,CUST-0061,PROD-024,11,116.02,
TX-001052,2026-01-27,CUST-0083,PROD-010,2,191.32,
TX-001053,2026-02-24,CUST-0123,PROD-008,7,132.09,Norte
TX-001054,2026-02-02,CUST-0102,PROD-024,5,101.4,Sur
TX-001055,2026-03-09,CUST-0016,PROD-016,11,355.77,Norte
TX-001056,2026-03-27,CUST-0066,PROD-017,5,410.52,Sur
TX-001057,2026-03-07,CUST-0145,PROD-005,3,176.05,Oeste
TX-001058,2026-01-10,CUST-0119,PROD-004,5,341.81,Sur
TX-001059,2026-01-05,CUST-0124,PROD-018,2,405.19,Norte
TX-001060,2026-03-15,CUST-0144,PROD-024,4,383.06,Sur
TX-001061,2026-02-07,CUST-0102,PROD-019,6,94.52,
TX-001062,2026-01-13,CUST-0066,PROD-004,1,430.99,Este
TX-001063,2026-01-31,CUST-0013,PROD-007,10,178.85,Sur
TX-001064,2026-02-16,CUST-0111,PROD-010,4,162.57,Norte
TX-001065,2026-03-29,CUST-0034,PROD-018,6,42.16,
TX-001066,2026-02-21,CUST-0039,PROD-019,9,226.49,Oeste
TX-001067,2026-02-25,CUST-0136,PROD-004,11,62.42,Sur
TX-001068,2026-01-15,CUST-0120,PROD-010,11,123.11,Norte
TX-001069,2026-01-29,CUST-0126,PROD-001,2,152.87,Norte
TX-001070,2026-01-08,CUST-0055,PROD-023,11,366.84,Norte
TX-001071,2026-01-05,CUST-0027,PROD-018,7,395.84,Este
TX-001072,2026-01-29,CUST-0118,PROD-005,6,146.57,Oeste
TX-001073,2026-02-16,CUST-0053,PROD-015,2,388.53,Sur
TX-001074,2026-03-09,CUST-0039,PROD-017,8,387.9,Oeste
TX-001075,2026-03-17,CUST-0065,PROD-003,7,347.62,Sur
TX-001076,2026-02-14,CUST-0145,PROD-012,11,78.81,Este
TX-001077,2026-01-02,CUST-0013,PROD-002,5,315.29,Este
TX-001078,2026-01-27,CUST-0021,PROD-001,5,426.09,Norte
TX-001079,2026-02-05,CUST-0147,PROD-023,7,311.91,Sur
TX-001080,2026-02-05,CUST-0053,PROD-021,9,159.25,Este
TX-001081,2026-01-26,CUST-0019,PROD-017,11,232.75,Norte
TX-001082,2026-02-12,CUST-0057,PROD-022,9,295.89,Sur
TX-001083,2026-01-27,CUST-0025,PROD-016,9,237.1,Este
TX-001084,2026-03-10,CUST-0031,PROD-005,6,67.18,
TX-001085,2026-01-20,CUST-0081,PROD-015,10,150.75,Sur
TX-001086,2026-01-11,CUST-0023,PROD-003,6,364.04,Oeste
TX-001087,2026-03-15,CUST-0032,PROD-007,3,389.72,Sur
TX-001088,2026-02-07,CUST-0074,PROD-011,1,74.73,Oeste
TX-001089,2026-01-06,CUST-0010,PROD-010,7,429.29,Este
TX-001090,2026-03-13,CUST-0054,PROD-009,4,158.04,Oeste
TX-001091,2026-01-23,CUST-0052,PROD-014,1,303.11,Sur
TX-001092,2026-02-16,CUST-0148,PROD-013,8,342.04,Este
TX-001093,2026-03-31,CUST-0114,PROD-002,6,368.2,Este
TX-001094,2026-02-15,CUST-0014,PROD-003,6,426.4,Sur
TX-001095,2026-01-12,CUST-0110,PROD-007,2,151.12,Norte
TX-001096,2026-03-31,CUST-0053,PROD-021,1,388.45,Norte
TX-001097,2026-01-13,CUST-0079,PROD-018,2,72.28,Norte
TX-001098,2026-03-03,CUST-0022,PROD-003,4,321.69,Oeste
TX-001099,2026-03-23,CUST-0030,PROD-010,2,337.76,Norte
TX-001100,2026-03-30,CUST-0004,PROD-022,1,309.81,Norte
TX-001101,2026-03-01,CUST-0059,PROD-007,7,124.76,Este
TX-001102,2026-02-12,CUST-0008,PROD-009,11,394.77,Sur
TX-001103,2026-03-17,CUST-0012,PROD-017,11,88.45,Sur
TX-001104,2026-03-09,CUST-0119,PROD-011,8,38.33,Norte
TX-001105,2026-01-05,CUST-0034,PROD-007,6,327.1,
TX-001106,2026-02-06,CUST-0082,PROD-024,4,221.83,Oeste
TX-001107,2026-03-13,CUST-0098,PROD-014,6,384.36,Oeste
TX-001108,2026-01-31,CUST-0127,PROD-019,3,181.78,Sur
TX-001109,2026-01-09,CUST-0075,PROD-004,8,88.2,Este
TX-001110,2026-02-20,CUST-0105,PROD-006,10,378.85,Norte
TX-001111,2026-01-29,CUST-0049,PROD-010,2,253.78,Norte
TX-001112,2026-03-19,CUST-0079,PROD-007,5,97.3,Norte
TX-001113,2026-02-09,CUST-0093,PROD-013,1,328.37,Este
TX-001114,2026-02-10,CUST-0018,PROD-014,6,237.33,Sur
TX-001115,2026-03-27,CUST-0096,PROD-004,2,277.88,Sur
TX-001116,2026-01-11,CUST-0038,PROD-008,4,215.49,Norte
TX-001117,2026-01-23,CUST-0087,PROD-005,6,375.49,Sur
TX-001118,2026-01-01,CUST-0088,PROD-001,10,375.86,Este
TX-001119,2026-02-15,CUST-0050,PROD-004,11,323.58,Sur
TX-001120,2026-01-21,CUST-0008,PROD-003,8,60.85,Este
TX-001121,2026-03-31,CUST-0134,PROD-009,8,379.9,Norte
TX-001122,2026-02-05,CUST-0069,PROD-008,11,306.89,Oeste
TX-001123,2026-02-23,CUST-0121,PROD-001,6,318.21,Este
TX-001124,2026-03-28,CUST-0064,PROD-006,4,172.9,Norte
TX-001125,2026-02-26,CUST-0139,PROD-009,8,397.49,Norte
TX-001126,2026-01-01,CUST-0121,PROD-007,8,330.54,Este
TX-001127,2026-03-04,CUST-0065,PROD-004,10,63.98,Oeste
TX-001128,2026-02-23,CUST-0107,PROD-013,1,192.38,Sur
TX-001129,2026-02-24,CUST-0147,PROD-017,4,400.58,Norte
TX-001130,2026-02-09,CUST-0137,PROD-002,4,35.53,Oeste
TX-001131,2026-01-15,CUST-0100,PROD-005,7,433.22,Este
TX-001132,2026-01-21,CUST-0082,PROD-012,11,310.44,Sur
TX-001133,2026-02-16,CUST-0143,PROD-021,7,289.65,Sur
TX-001134,2026-03-14,CUST-0051,PROD-008,11,132.69,Norte
TX-001135,2026-02-22,CUST-0141,PROD-006,8,123.22,Este
TX-001136,2026-01-09,CUST-0083,PROD-008,11,424.8,Sur
TX-001137,2026-03-15,CUST-0112,PROD-018,5,144.75,
TX-001138,2026-02-21,CUST-0056,PROD-003,7,352.34,Sur
TX-001139,2026-02-26,CUST-0145,PROD-022,8,186.01,Sur
TX-001140,2026-01-26,CUST-0060,PROD-012,9,75.58,Este
TX-001141,2026-02-10,CUST-0120,PROD-003,3,19.66,Oeste
TX-001142,2026-02-04,CUST-0138,PROD-022,3,251.75,Oeste
TX-001143,2026-03-04,CUST-0023,PROD-006,4,439.46,Sur
TX-001144,2026-01-25,CUST-0149,PROD-002,5,175.57,Este
TX-001145,2026-03-31,CUST-0013,PROD-023,10,170.38,Este
TX-001146,2026-03-16,CUST-0101,PROD-012,1,164.68,Sur
TX-001147,2026-02-07,CUST-0024,PROD-002,7,241.44,Norte
TX-001148,2026-01-02,CUST-0108,PROD-006,9,206.69,Sur
TX-001149,2026-01-07,CUST-0011,PROD-017,8,397.76,Norte
TX-001150,2026-03-23,CUST-0017,PROD-003,5,234.9,Oeste
TX-001151,2026-02-03,CUST-0025,PROD-002,4,235.87,Sur
TX-001152,2026-01-17,CUST-0094,PROD-023,7,75.19,
TX-001153,2026-02-12,CUST-0021,PROD-020,5,442.49,Este
TX-001154,2026-02-28,CUST-0084,PROD-008,7,123.74,Este
TX-001155,2026-02-20,CUST-0140,PROD-022,1,46.91,Este
TX-001156,2026-02-23,CUST-0037,PROD-012,1,303.47,Norte
TX-001157,2026-01-24,CUST-0042,PROD-004,10,273.98,Sur
TX-001158,2026-01-25,CUST-0145,PROD-005,3,195.59,Norte
TX-001159,2026-03-12,CUST-0101,PROD-013,11,198.65,Este
TX-001160,2026-02-21,CUST-0048,PROD-015,2,356.5,Sur
TX-001161,2026-03-11,CUST-0103,PROD-023,2,100.13,Oeste
TX-001162,2026-03-29,CUST-0028,PROD-016,7,371.81,Norte
TX-001163,2026-02-02,CUST-0041,PROD-010,10,297.2,Norte
TX-001164,2026-02-18,CUST-0099,PROD-023,2,197.25,Sur
TX-001165,2026-01-29,CUST-0047,PROD-016,11,214.24,Oeste
TX-001166,2026-03-04,CUST-0146,PROD-012,4,126.64,Este
TX-001167,2026-01-22,CUST-0105,PROD-017,2,342.17,Sur
TX-001168,2026-01-26,CUST-0124,PROD-016,6,238.1,Sur
TX-001169,2026-01-28,CUST-0013,PROD-012,8,154.57,Norte
TX-001170,2026-03-26,CUST-0141,PROD-008,10,274.28,
TX-001171,2026-02-18,CUST-0100,PROD-020,4,448.14,Este
TX-001172,2026-03-12,CUST-0031,PROD-003,5,204.34,Sur
TX-001173,2026-03-22,CUST-0130,PROD-016,4,415.5,Este
TX-001174,2026-03-25,CUST-0016,PROD-013,3,165.08,Norte
TX-001175,2026-02-18,CUST-0137,PROD-023,5,38.81,
TX-001176,2026-01-20,CUST-0073,PROD-019,9,103.85,Norte
TX-001177,2026-03-27,CUST-0054,PROD-008,8,197.13,Este
TX-001178,2026-03-04,CUST-0100,PROD-022,8,110.54,Norte
TX-001179,2026-03-02,CUST-0109,PROD-005,8,15.1,Este
TX-001180,2026-02-18,CUST-0087,PROD-020,8,413.03,Oeste
TX-001181,2026-03-12,CUST-0137,PROD-008,7,382.09,Este
TX-001182,2026-01-01,CUST-0008,PROD-024,8,337.9,Este
TX-001183,2026-01-13,CUST-0007,PROD-012,11,88.0,Oeste
TX-001184,2026-03-28,CUST-0036,PROD-001,8,67.36,Norte
TX-001185,2026-02-20,CUST-0018,PROD-021,8,44.41,Sur
TX-001186,2026-02-25,CUST-0003,PROD-020,10,329.95,Norte
TX-001187,2026-03-24,CUST-0028,PROD-006,7,419.03,
TX-001188,2026-03-03,CUST-0070,PROD-022,1,202.28,Sur
TX-001189,2026-02-01,CUST-0149,PROD-018,4,66.83,Este
TX-001190,2026-01-30,CUST-0028,PROD-008,4,237.89,Este
TX-001191,2026-01-29,CUST-0054,PROD-007,5,166.74,Norte
TX-001192,2026-02-18,CUST-0065,PROD-001,10,178.05,Norte
TX-001193,2026-02-14,CUST-0100,PROD-021,6,285.28,Sur
TX-001194,2026-01-30,CUST-0021,PROD-016,4,327.64,Sur
TX-001195,2026-01-16,CUST-0013,PROD-012,2,63.11,Norte
TX-001196,2026-02-09,CUST-0057,PROD-006,6,30.48,Norte
TX-001197,2026-01-19,CUST-0049,PROD-020,8,447.53,Oeste
TX-001198,2026-01-18,CUST-0118,PROD-002,8,116.24,
TX-001199,2026-01-01,CUST-0054,PROD-014,7,38.42,Sur
TX-001200,2026-03-19,CUST-0138,PROD-004,6,97.6,Sur
TX-000001,2026-02-21,CUST-0114,PROD-019,5,225.77,Norte
TX-000002,2026-01-15,CUST-0066,PROD-015,5,146.55,Sur
TX-000003,2026-03-13,CUST-0105,PROD-018,10,260.08,Oeste
TX-000004,2026-03-02,CUST-0085,PROD-002,5,364.66,Sur
TX-000005,2026-01-21,CUST-0002,PROD-022,6,74.66,Sur
TX-000006,2026-03-24,CUST-0075,PROD-017,8,267.6,Este
TX-000007,2026-03-28,CUST-0067,PROD-018,2,234.9,Sur
TX-000008,2026-03-16,CUST-0055,PROD-006,6,77.67,Oeste
TX-000009,2026-03-16,CUST-0006,PROD-019,1,286.44,Oeste
TX-000010,2026-03-29,CUST-0143,PROD-004,4,134.03,Norte
TX-000011,2026-01-24,CUST-0086,PROD-001,10,227.21,Oeste
TX-000012,2026-01-03,CUST-0060,PROD-008,3,50.79,Sur
TX-000013,2026-01-22,CUST-0101,PROD-023,9,214.92,
TX-000014,2026-02-22,CUST-0012,PROD-007,3,148.31,Sur
TX-000015,2026-01-02,CUST-0049,PROD-003,6,372.74,
TX-000016,2026-03-29,CUST-0042,PROD-010,1,39.79,Este
TX-000017,2026-01-30,CUST-0082,PROD-010,6,197.09,Norte
TX-000018,2026-02-07,CUST-0035,PROD-019,4,214.42,Este
TX-000019,2026-01-02,CUST-0134,PROD-014,8,330.38,
TX-000020,2026-03-05,CUST-0067,PROD-002,11,264.82,Oeste
TX-000021,2026-03-01,CUST-0080,PROD-001,9,305.24,Norte
TX-000022,2026-01-21,CUST-0007,PROD-023,4,353.02,Este
TX-000023,2026-02-02,CUST-0014,PROD-023,10,390.06,Sur
TX-000024,2026-03-17,CUST-0073,PROD-018,10,151.54,Norte
TX-000025,2026-02-27,CUST-0143,PROD-007,6,249.04,Sur
TX-000026,2026-01-22,CUST-0149,PROD-008,1,380.45,Norte
TX-000027,2026-03-30,CUST-0066,PROD-001,4,445.41,Oeste
TX-000028,2026-02-18,CUST-0091,PROD-023,7,401.94,Sur
TX-000029,2026-02-28,CUST-0130,PROD-003,1,176.59,Oeste
TX-000030,2026-02-11,CUST-0020,PROD-024,8,99.9,Norte
TX-000031,2026-03-01,CUST-0010,PROD-023,10,227.89,Sur
TX-000032,2026-03-21,CUST-0025,PROD-008,11,337.61,Norte
TX-000033,2026-01-15,CUST-0025,PROD-022,6,229.27,Norte
TX-000034,2026-03-03,CUST-0054,PROD-015,5,225.18,Norte
TX-000035,2026-03-03,CUST-0033,PROD-005,10,379.63,Norte
TX-000036,2026-02-16,CUST-0095,PROD-003,11,172.21,Este
TX-000037,2026-03-03,CUST-0014,PROD-019,9,389.01,Sur
TX-000038,2026-02-20,CUST-0065,PROD-001,2,191.96,Sur
TX-000039,2026-02-24,CUST-0110,PROD-015,5,157.78,Sur
TX-000040,2026-03-05,CUST-0080,PROD-008,6,212.49,Oeste
TX-000041,2026-01-03,CUST-0054,PROD-002,7,346.66,Oeste
TX-000042,2026-02-20,CUST-0125,PROD-003,5,69.81,Sur
TX-000043,2026-01-07,CUST-0131,PROD-024,9,100.44,Sur
TX-000044,2026-01-21,CUST-0134,PROD-014,1,428.88,Norte
TX-000045,2026-03-14,CUST-0025,PROD-024,7,91.34,
